date+AF8-ad,depot+AF8-ad,collection+AF8-ad,dataset+AF8-ad,assodata+AF8-ad,assodata+AF8-arr+AF8-ad,asso+AF8-data+AF8-info+AF8-ad
2022+AC0-05+AC0-18,icebase,sportsproducts,sports+AF8-customers+AF8-data+AF8-with+AF8-ts,icebase.sportsproducts.sports+AF8-productcategories+AF8-data+AF8-with+AF8-ts,+ACI-icebase.sportsproducts.sports+AF8-transactions+AF8-data+AF8-with+AF8-ts,icebase.sportsproducts.sports+AF8-customers+AF8-data+AF8-with+AF8-ts,icebase.sportsproducts.sports+AF8-products+AF8-data+AF8-with+AF8-ts,icebase.sportsproducts.sports+AF8-returns+AF8-data+AF8-with+AF8-ts,icebase.sportsproducts.sports+AF8-productsubcategories+AF8-data+AF8-with+AF8-ts,icebase.sportsproducts.sports+AF8-productcategories+AF8-data+AF8-with+AF8-ts,icebase.sportsproducts.sports+AF8-salesterritories+AF8-data+AF8-with+AF8-ts+ACI-,+ACI-+AHs-associated+AF8-dataset:icebase.sportsproducts.sports+AF8-productcategories+AF8-data+AF8-with+AF8-ts,query+AF8-count:73,last+AF8-queried+AF8-at:2022+AC0-05+AC0-18 06:26:23.336 UTC+AH0-+ACI-
2022+AC0-05+AC0-18,icebase,sportsproducts,sports+AF8-customers+AF8-data+AF8-with+AF8-ts,icebase.sportsproducts.sports+AF8-products+AF8-data+AF8-with+AF8-ts,+ACI-icebase.sportsproducts.sports+AF8-transactions+AF8-data+AF8-with+AF8-ts,icebase.sportsproducts.sports+AF8-customers+AF8-data+AF8-with+AF8-ts,icebase.sportsproducts.sports+AF8-products+AF8-data+AF8-with+AF8-ts,icebase.sportsproducts.sports+AF8-returns+AF8-data+AF8-with+AF8-ts,icebase.sportsproducts.sports+AF8-productsubcategories+AF8-data+AF8-with+AF8-ts,icebase.sportsproducts.sports+AF8-productcategories+AF8-data+AF8-with+AF8-ts,icebase.sportsproducts.sports+AF8-salesterritories+AF8-data+AF8-with+AF8-ts+ACI-,+ACI-+AHs-associated+AF8-dataset:icebase.sportsproducts.sports+AF8-products+AF8-data+AF8-with+AF8-ts,query+AF8-count:73,last+AF8-queried+AF8-at:2022+AC0-05+AC0-18 06:26:23.336 UTC+AH0-+ACI-
2022+AC0-05+AC0-17,icebase,sportsproducts,sports+AF8-productsubcategories+AF8-data+AF8-with+AF8-ts,icebase.sportsproducts.sports+AF8-products+AF8-data+AF8-with+AF8-ts,+ACI-icebase.sportsproducts.sports+AF8-transactions+AF8-data+AF8-with+AF8-ts,icebase.sportsproducts.sports+AF8-customers+AF8-data+AF8-with+AF8-ts,icebase.sportsproducts.sports+AF8-products+AF8-data+AF8-with+AF8-ts,icebase.sportsproducts.sports+AF8-returns+AF8-data+AF8-with+AF8-ts,icebase.sportsproducts.sports+AF8-productsubcategories+AF8-data+AF8-with+AF8-ts,icebase.sportsproducts.sports+AF8-productcategories+AF8-data+AF8-with+AF8-ts,icebase.sportsproducts.sports+AF8-salesterritories+AF8-data+AF8-with+AF8-ts+ACI-,+ACI-+AHs-associated+AF8-dataset:icebase.sportsproducts.sports+AF8-products+AF8-data+AF8-with+AF8-ts,query+AF8-count:275,last+AF8-queried+AF8-at:2022+AC0-05+AC0-17 23:55:06.157 UTC+AH0-+ACI-
2022+AC0-05+AC0-17,icebase,sportsproducts,sports+AF8-products+AF8-data+AF8-with+AF8-ts,icebase.sportsproducts.sports+AF8-customers+AF8-data+AF8-with+AF8-ts,+ACI-icebase.sportsproducts.sports+AF8-transactions+AF8-data+AF8-with+AF8-ts,icebase.sportsproducts.sports+AF8-customers+AF8-data+AF8-with+AF8-ts,icebase.sportsproducts.sports+AF8-products+AF8-data+AF8-with+AF8-ts,icebase.sportsproducts.sports+AF8-returns+AF8-data+AF8-with+AF8-ts,icebase.sportsproducts.sports+AF8-productsubcategories+AF8-data+AF8-with+AF8-ts,icebase.sportsproducts.sports+AF8-productcategories+AF8-data+AF8-with+AF8-ts,icebase.sportsproducts.sports+AF8-salesterritories+AF8-data+AF8-with+AF8-ts+ACI-,+ACI-+AHs-associated+AF8-dataset:icebase.sportsproducts.sports+AF8-customers+AF8-data+AF8-with+AF8-ts,query+AF8-count:275,last+AF8-queried+AF8-at:2022+AC0-05+AC0-17 23:55:06.157 UTC+AH0-+ACI-
2022+AC0-05+AC0-17,icebase,sportsproducts,sports+AF8-salesterritories+AF8-data+AF8-with+AF8-ts,icebase.sportsproducts.sports+AF8-customers+AF8-data+AF8-with+AF8-ts,+ACI-icebase.sportsproducts.sports+AF8-transactions+AF8-data+AF8-with+AF8-ts,icebase.sportsproducts.sports+AF8-customers+AF8-data+AF8-with+AF8-ts,icebase.sportsproducts.sports+AF8-products+AF8-data+AF8-with+AF8-ts,icebase.sportsproducts.sports+AF8-returns+AF8-data+AF8-with+AF8-ts,icebase.sportsproducts.sports+AF8-productsubcategories+AF8-data+AF8-with+AF8-ts,icebase.sportsproducts.sports+AF8-productcategories+AF8-data+AF8-with+AF8-ts,icebase.sportsproducts.sports+AF8-salesterritories+AF8-data+AF8-with+AF8-ts+ACI-,+ACI-+AHs-associated+AF8-dataset:icebase.sportsproducts.sports+AF8-customers+AF8-data+AF8-with+AF8-ts,query+AF8-count:275,last+AF8-queried+AF8-at:2022+AC0-05+AC0-17 23:55:06.157 UTC+AH0-+ACI-
2022+AC0-05+AC0-17,icebase,sportsproducts,sports+AF8-productsubcategories+AF8-data+AF8-with+AF8-ts,icebase.sportsproducts.sports+AF8-returns+AF8-data+AF8-with+AF8-ts,+ACI-icebase.sportsproducts.sports+AF8-transactions+AF8-data+AF8-with+AF8-ts,icebase.sportsproducts.sports+AF8-customers+AF8-data+AF8-with+AF8-ts,icebase.sportsproducts.sports+AF8-products+AF8-data+AF8-with+AF8-ts,icebase.sportsproducts.sports+AF8-returns+AF8-data+AF8-with+AF8-ts,icebase.sportsproducts.sports+AF8-productsubcategories+AF8-data+AF8-with+AF8-ts,icebase.sportsproducts.sports+AF8-productcategories+AF8-data+AF8-with+AF8-ts,icebase.sportsproducts.sports+AF8-salesterritories+AF8-data+AF8-with+AF8-ts+ACI-,+ACI-+AHs-associated+AF8-dataset:icebase.sportsproducts.sports+AF8-returns+AF8-data+AF8-with+AF8-ts,query+AF8-count:275,last+AF8-queried+AF8-at:2022+AC0-05+AC0-17 23:55:06.157 UTC+AH0-+ACI-
2022+AC0-05+AC0-16,icebase,sportsproducts,sports+AF8-customers+AF8-data+AF8-with+AF8-ts,icebase.sportsproducts.sports+AF8-returns+AF8-data+AF8-with+AF8-ts,+ACI-icebase.sportsproducts.sports+AF8-transactions+AF8-data+AF8-with+AF8-ts,icebase.sportsproducts.sports+AF8-customers+AF8-data+AF8-with+AF8-ts,icebase.sportsproducts.sports+AF8-products+AF8-data+AF8-with+AF8-ts,icebase.sportsproducts.sports+AF8-returns+AF8-data+AF8-with+AF8-ts,icebase.sportsproducts.sports+AF8-productsubcategories+AF8-data+AF8-with+AF8-ts,icebase.sportsproducts.sports+AF8-productcategories+AF8-data+AF8-with+AF8-ts,icebase.sportsproducts.sports+AF8-salesterritories+AF8-data+AF8-with+AF8-ts+ACI-,+ACI-+AHs-associated+AF8-dataset:icebase.sportsproducts.sports+AF8-returns+AF8-data+AF8-with+AF8-ts,query+AF8-count:282,last+AF8-queried+AF8-at:2022+AC0-05+AC0-16 23:57:02.953 UTC+AH0-+ACI-
2022+AC0-05+AC0-16,icebase,sportsproducts,sports+AF8-products+AF8-data+AF8-with+AF8-ts,icebase.sportsproducts.sports+AF8-transactions+AF8-data+AF8-with+AF8-ts,+ACI-icebase.sportsproducts.sports+AF8-transactions+AF8-data+AF8-with+AF8-ts,icebase.sportsproducts.sports+AF8-customers+AF8-data+AF8-with+AF8-ts,icebase.sportsproducts.sports+AF8-products+AF8-data+AF8-with+AF8-ts,icebase.sportsproducts.sports+AF8-returns+AF8-data+AF8-with+AF8-ts,icebase.sportsproducts.sports+AF8-productsubcategories+AF8-data+AF8-with+AF8-ts,icebase.sportsproducts.sports+AF8-productcategories+AF8-data+AF8-with+AF8-ts,icebase.sportsproducts.sports+AF8-salesterritories+AF8-data+AF8-with+AF8-ts+ACI-,+ACI-+AHs-associated+AF8-dataset:icebase.sportsproducts.sports+AF8-transactions+AF8-data+AF8-with+AF8-ts,query+AF8-count:282,last+AF8-queried+AF8-at:2022+AC0-05+AC0-16 23:57:02.953 UTC+AH0-+ACI-
2022+AC0-05+AC0-16,icebase,sportsproducts,sports+AF8-productcategories+AF8-data+AF8-with+AF8-ts,icebase.sportsproducts.sports+AF8-transactions+AF8-data+AF8-with+AF8-ts,+ACI-icebase.sportsproducts.sports+AF8-transactions+AF8-data+AF8-with+AF8-ts,icebase.sportsproducts.sports+AF8-customers+AF8-data+AF8-with+AF8-ts,icebase.sportsproducts.sports+AF8-products+AF8-data+AF8-with+AF8-ts,icebase.sportsproducts.sports+AF8-returns+AF8-data+AF8-with+AF8-ts,icebase.sportsproducts.sports+AF8-productsubcategories+AF8-data+AF8-with+AF8-ts,icebase.sportsproducts.sports+AF8-productcategories+AF8-data+AF8-with+AF8-ts,icebase.sportsproducts.sports+AF8-salesterritories+AF8-data+AF8-with+AF8-ts+ACI-,+ACI-+AHs-associated+AF8-dataset:icebase.sportsproducts.sports+AF8-transactions+AF8-data+AF8-with+AF8-ts,query+AF8-count:282,last+AF8-queried+AF8-at:2022+AC0-05+AC0-16 23:57:02.953 UTC+AH0-+ACI-
2022+AC0-05+AC0-15,icebase,sportsproducts,sports+AF8-transactions+AF8-data+AF8-with+AF8-ts,icebase.sportsproducts.sports+AF8-productsubcategories+AF8-data+AF8-with+AF8-ts,+ACI-icebase.sportsproducts.sports+AF8-transactions+AF8-data+AF8-with+AF8-ts,icebase.sportsproducts.sports+AF8-customers+AF8-data+AF8-with+AF8-ts,icebase.sportsproducts.sports+AF8-products+AF8-data+AF8-with+AF8-ts,icebase.sportsproducts.sports+AF8-returns+AF8-data+AF8-with+AF8-ts,icebase.sportsproducts.sports+AF8-productsubcategories+AF8-data+AF8-with+AF8-ts,icebase.sportsproducts.sports+AF8-productcategories+AF8-data+AF8-with+AF8-ts,icebase.sportsproducts.sports+AF8-salesterritories+AF8-data+AF8-with+AF8-ts+ACI-,+ACI-+AHs-associated+AF8-dataset:icebase.sportsproducts.sports+AF8-productsubcategories+AF8-data+AF8-with+AF8-ts,query+AF8-count:278,last+AF8-queried+AF8-at:2022+AC0-05+AC0-15 23:55:59.383 UTC+AH0-+ACI-
2022+AC0-05+AC0-15,icebase,sportsproducts,sports+AF8-transactions+AF8-data+AF8-with+AF8-ts,icebase.sportsproducts.sports+AF8-returns+AF8-data+AF8-with+AF8-ts,+ACI-icebase.sportsproducts.sports+AF8-transactions+AF8-data+AF8-with+AF8-ts,icebase.sportsproducts.sports+AF8-customers+AF8-data+AF8-with+AF8-ts,icebase.sportsproducts.sports+AF8-products+AF8-data+AF8-with+AF8-ts,icebase.sportsproducts.sports+AF8-returns+AF8-data+AF8-with+AF8-ts,icebase.sportsproducts.sports+AF8-productsubcategories+AF8-data+AF8-with+AF8-ts,icebase.sportsproducts.sports+AF8-productcategories+AF8-data+AF8-with+AF8-ts,icebase.sportsproducts.sports+AF8-salesterritories+AF8-data+AF8-with+AF8-ts+ACI-,+ACI-+AHs-associated+AF8-dataset:icebase.sportsproducts.sports+AF8-returns+AF8-data+AF8-with+AF8-ts,query+AF8-count:278,last+AF8-queried+AF8-at:2022+AC0-05+AC0-15 23:55:59.383 UTC+AH0-+ACI-
2022+AC0-05+AC0-15,icebase,sportsproducts,sports+AF8-salesterritories+AF8-data+AF8-with+AF8-ts,icebase.sportsproducts.sports+AF8-salesterritories+AF8-data+AF8-with+AF8-ts,+ACI-icebase.sportsproducts.sports+AF8-transactions+AF8-data+AF8-with+AF8-ts,icebase.sportsproducts.sports+AF8-customers+AF8-data+AF8-with+AF8-ts,icebase.sportsproducts.sports+AF8-products+AF8-data+AF8-with+AF8-ts,icebase.sportsproducts.sports+AF8-returns+AF8-data+AF8-with+AF8-ts,icebase.sportsproducts.sports+AF8-productsubcategories+AF8-data+AF8-with+AF8-ts,icebase.sportsproducts.sports+AF8-productcategories+AF8-data+AF8-with+AF8-ts,icebase.sportsproducts.sports+AF8-salesterritories+AF8-data+AF8-with+AF8-ts+ACI-,+ACI-+AHs-associated+AF8-dataset:icebase.sportsproducts.sports+AF8-salesterritories+AF8-data+AF8-with+AF8-ts,query+AF8-count:278,last+AF8-queried+AF8-at:2022+AC0-05+AC0-15 23:55:59.383 UTC+AH0-+ACI-
2022+AC0-05+AC0-15,icebase,sportsproducts,sports+AF8-productcategories+AF8-data+AF8-with+AF8-ts,icebase.sportsproducts.sports+AF8-transactions+AF8-data+AF8-with+AF8-ts,+ACI-icebase.sportsproducts.sports+AF8-transactions+AF8-data+AF8-with+AF8-ts,icebase.sportsproducts.sports+AF8-customers+AF8-data+AF8-with+AF8-ts,icebase.sportsproducts.sports+AF8-products+AF8-data+AF8-with+AF8-ts,icebase.sportsproducts.sports+AF8-returns+AF8-data+AF8-with+AF8-ts,icebase.sportsproducts.sports+AF8-productsubcategories+AF8-data+AF8-with+AF8-ts,icebase.sportsproducts.sports+AF8-productcategories+AF8-data+AF8-with+AF8-ts,icebase.sportsproducts.sports+AF8-salesterritories+AF8-data+AF8-with+AF8-ts+ACI-,+ACI-+AHs-associated+AF8-dataset:icebase.sportsproducts.sports+AF8-transactions+AF8-data+AF8-with+AF8-ts,query+AF8-count:278,last+AF8-queried+AF8-at:2022+AC0-05+AC0-15 23:55:59.383 UTC+AH0-+ACI-
2022+AC0-05+AC0-15,icebase,sportsproducts,sports+AF8-customers+AF8-data+AF8-with+AF8-ts,icebase.sportsproducts.sports+AF8-productcategories+AF8-data+AF8-with+AF8-ts,+ACI-icebase.sportsproducts.sports+AF8-transactions+AF8-data+AF8-with+AF8-ts,icebase.sportsproducts.sports+AF8-customers+AF8-data+AF8-with+AF8-ts,icebase.sportsproducts.sports+AF8-products+AF8-data+AF8-with+AF8-ts,icebase.sportsproducts.sports+AF8-returns+AF8-data+AF8-with+AF8-ts,icebase.sportsproducts.sports+AF8-productsubcategories+AF8-data+AF8-with+AF8-ts,icebase.sportsproducts.sports+AF8-productcategories+AF8-data+AF8-with+AF8-ts,icebase.sportsproducts.sports+AF8-salesterritories+AF8-data+AF8-with+AF8-ts+ACI-,+ACI-+AHs-associated+AF8-dataset:icebase.sportsproducts.sports+AF8-productcategories+AF8-data+AF8-with+AF8-ts,query+AF8-count:278,last+AF8-queried+AF8-at:2022+AC0-05+AC0-15 23:55:59.383 UTC+AH0-+ACI-
2022+AC0-05+AC0-15,icebase,sportsproducts,sports+AF8-returns+AF8-data+AF8-with+AF8-ts,icebase.sportsproducts.sports+AF8-productsubcategories+AF8-data+AF8-with+AF8-ts,+ACI-icebase.sportsproducts.sports+AF8-transactions+AF8-data+AF8-with+AF8-ts,icebase.sportsproducts.sports+AF8-customers+AF8-data+AF8-with+AF8-ts,icebase.sportsproducts.sports+AF8-products+AF8-data+AF8-with+AF8-ts,icebase.sportsproducts.sports+AF8-returns+AF8-data+AF8-with+AF8-ts,icebase.sportsproducts.sports+AF8-productsubcategories+AF8-data+AF8-with+AF8-ts,icebase.sportsproducts.sports+AF8-productcategories+AF8-data+AF8-with+AF8-ts,icebase.sportsproducts.sports+AF8-salesterritories+AF8-data+AF8-with+AF8-ts+ACI-,+ACI-+AHs-associated+AF8-dataset:icebase.sportsproducts.sports+AF8-productsubcategories+AF8-data+AF8-with+AF8-ts,query+AF8-count:278,last+AF8-queried+AF8-at:2022+AC0-05+AC0-15 23:55:59.383 UTC+AH0-+ACI-
2022+AC0-05+AC0-14,icebase,sportsproducts,sports+AF8-returns+AF8-data+AF8-with+AF8-ts,icebase.sportsproducts.sports+AF8-returns+AF8-data+AF8-with+AF8-ts,+ACI-icebase.sportsproducts.sports+AF8-transactions+AF8-data+AF8-with+AF8-ts,icebase.sportsproducts.sports+AF8-customers+AF8-data+AF8-with+AF8-ts,icebase.sportsproducts.sports+AF8-products+AF8-data+AF8-with+AF8-ts,icebase.sportsproducts.sports+AF8-returns+AF8-data+AF8-with+AF8-ts,icebase.sportsproducts.sports+AF8-productsubcategories+AF8-data+AF8-with+AF8-ts,icebase.sportsproducts.sports+AF8-productcategories+AF8-data+AF8-with+AF8-ts,icebase.sportsproducts.sports+AF8-salesterritories+AF8-data+AF8-with+AF8-ts+ACI-,+ACI-+AHs-associated+AF8-dataset:icebase.sportsproducts.sports+AF8-returns+AF8-data+AF8-with+AF8-ts,query+AF8-count:283,last+AF8-queried+AF8-at:2022+AC0-05+AC0-14 23:56:09.789 UTC+AH0-+ACI-
2022+AC0-05+AC0-14,icebase,sportsproducts,sports+AF8-customers+AF8-data+AF8-with+AF8-ts,icebase.sportsproducts.sports+AF8-returns+AF8-data+AF8-with+AF8-ts,+ACI-icebase.sportsproducts.sports+AF8-transactions+AF8-data+AF8-with+AF8-ts,icebase.sportsproducts.sports+AF8-customers+AF8-data+AF8-with+AF8-ts,icebase.sportsproducts.sports+AF8-products+AF8-data+AF8-with+AF8-ts,icebase.sportsproducts.sports+AF8-returns+AF8-data+AF8-with+AF8-ts,icebase.sportsproducts.sports+AF8-productsubcategories+AF8-data+AF8-with+AF8-ts,icebase.sportsproducts.sports+AF8-productcategories+AF8-data+AF8-with+AF8-ts,icebase.sportsproducts.sports+AF8-salesterritories+AF8-data+AF8-with+AF8-ts+ACI-,+ACI-+AHs-associated+AF8-dataset:icebase.sportsproducts.sports+AF8-returns+AF8-data+AF8-with+AF8-ts,query+AF8-count:283,last+AF8-queried+AF8-at:2022+AC0-05+AC0-14 23:56:09.789 UTC+AH0-+ACI-
2022+AC0-05+AC0-14,icebase,sportsproducts,sports+AF8-productcategories+AF8-data+AF8-with+AF8-ts,icebase.sportsproducts.sports+AF8-products+AF8-data+AF8-with+AF8-ts,+ACI-icebase.sportsproducts.sports+AF8-transactions+AF8-data+AF8-with+AF8-ts,icebase.sportsproducts.sports+AF8-customers+AF8-data+AF8-with+AF8-ts,icebase.sportsproducts.sports+AF8-products+AF8-data+AF8-with+AF8-ts,icebase.sportsproducts.sports+AF8-returns+AF8-data+AF8-with+AF8-ts,icebase.sportsproducts.sports+AF8-productsubcategories+AF8-data+AF8-with+AF8-ts,icebase.sportsproducts.sports+AF8-productcategories+AF8-data+AF8-with+AF8-ts,icebase.sportsproducts.sports+AF8-salesterritories+AF8-data+AF8-with+AF8-ts+ACI-,+ACI-+AHs-associated+AF8-dataset:icebase.sportsproducts.sports+AF8-products+AF8-data+AF8-with+AF8-ts,query+AF8-count:283,last+AF8-queried+AF8-at:2022+AC0-05+AC0-14 23:56:09.789 UTC+AH0-+ACI-
2022+AC0-05+AC0-14,icebase,sportsproducts,sports+AF8-salesterritories+AF8-data+AF8-with+AF8-ts,icebase.sportsproducts.sports+AF8-transactions+AF8-data+AF8-with+AF8-ts,+ACI-icebase.sportsproducts.sports+AF8-transactions+AF8-data+AF8-with+AF8-ts,icebase.sportsproducts.sports+AF8-customers+AF8-data+AF8-with+AF8-ts,icebase.sportsproducts.sports+AF8-products+AF8-data+AF8-with+AF8-ts,icebase.sportsproducts.sports+AF8-returns+AF8-data+AF8-with+AF8-ts,icebase.sportsproducts.sports+AF8-productsubcategories+AF8-data+AF8-with+AF8-ts,icebase.sportsproducts.sports+AF8-productcategories+AF8-data+AF8-with+AF8-ts,icebase.sportsproducts.sports+AF8-salesterritories+AF8-data+AF8-with+AF8-ts+ACI-,+ACI-+AHs-associated+AF8-dataset:icebase.sportsproducts.sports+AF8-transactions+AF8-data+AF8-with+AF8-ts,query+AF8-count:283,last+AF8-queried+AF8-at:2022+AC0-05+AC0-14 23:56:09.789 UTC+AH0-+ACI-
2022+AC0-05+AC0-14,icebase,sportsproducts,sports+AF8-customers+AF8-data+AF8-with+AF8-ts,icebase.sportsproducts.sports+AF8-customers+AF8-data+AF8-with+AF8-ts,+ACI-icebase.sportsproducts.sports+AF8-transactions+AF8-data+AF8-with+AF8-ts,icebase.sportsproducts.sports+AF8-customers+AF8-data+AF8-with+AF8-ts,icebase.sportsproducts.sports+AF8-products+AF8-data+AF8-with+AF8-ts,icebase.sportsproducts.sports+AF8-returns+AF8-data+AF8-with+AF8-ts,icebase.sportsproducts.sports+AF8-productsubcategories+AF8-data+AF8-with+AF8-ts,icebase.sportsproducts.sports+AF8-productcategories+AF8-data+AF8-with+AF8-ts,icebase.sportsproducts.sports+AF8-salesterritories+AF8-data+AF8-with+AF8-ts+ACI-,+ACI-+AHs-associated+AF8-dataset:icebase.sportsproducts.sports+AF8-customers+AF8-data+AF8-with+AF8-ts,query+AF8-count:283,last+AF8-queried+AF8-at:2022+AC0-05+AC0-14 23:56:09.789 UTC+AH0-+ACI-
2022+AC0-05+AC0-14,icebase,sportsproducts,sports+AF8-productsubcategories+AF8-data+AF8-with+AF8-ts,icebase.sportsproducts.sports+AF8-customers+AF8-data+AF8-with+AF8-ts,+ACI-icebase.sportsproducts.sports+AF8-transactions+AF8-data+AF8-with+AF8-ts,icebase.sportsproducts.sports+AF8-customers+AF8-data+AF8-with+AF8-ts,icebase.sportsproducts.sports+AF8-products+AF8-data+AF8-with+AF8-ts,icebase.sportsproducts.sports+AF8-returns+AF8-data+AF8-with+AF8-ts,icebase.sportsproducts.sports+AF8-productsubcategories+AF8-data+AF8-with+AF8-ts,icebase.sportsproducts.sports+AF8-productcategories+AF8-data+AF8-with+AF8-ts,icebase.sportsproducts.sports+AF8-salesterritories+AF8-data+AF8-with+AF8-ts+ACI-,+ACI-+AHs-associated+AF8-dataset:icebase.sportsproducts.sports+AF8-customers+AF8-data+AF8-with+AF8-ts,query+AF8-count:283,last+AF8-queried+AF8-at:2022+AC0-05+AC0-14 23:56:09.789 UTC+AH0-+ACI-
2022+AC0-05+AC0-14,icebase,sportsproducts,sports+AF8-products+AF8-data+AF8-with+AF8-ts,icebase.sportsproducts.sports+AF8-salesterritories+AF8-data+AF8-with+AF8-ts,+ACI-icebase.sportsproducts.sports+AF8-transactions+AF8-data+AF8-with+AF8-ts,icebase.sportsproducts.sports+AF8-customers+AF8-data+AF8-with+AF8-ts,icebase.sportsproducts.sports+AF8-products+AF8-data+AF8-with+AF8-ts,icebase.sportsproducts.sports+AF8-returns+AF8-data+AF8-with+AF8-ts,icebase.sportsproducts.sports+AF8-productsubcategories+AF8-data+AF8-with+AF8-ts,icebase.sportsproducts.sports+AF8-productcategories+AF8-data+AF8-with+AF8-ts,icebase.sportsproducts.sports+AF8-salesterritories+AF8-data+AF8-with+AF8-ts+ACI-,+ACI-+AHs-associated+AF8-dataset:icebase.sportsproducts.sports+AF8-salesterritories+AF8-data+AF8-with+AF8-ts,query+AF8-count:283,last+AF8-queried+AF8-at:2022+AC0-05+AC0-14 23:56:09.789 UTC+AH0-+ACI-
2022+AC0-05+AC0-14,icebase,sportsproducts,sports+AF8-returns+AF8-data+AF8-with+AF8-ts,icebase.sportsproducts.sports+AF8-transactions+AF8-data+AF8-with+AF8-ts,+ACI-icebase.sportsproducts.sports+AF8-transactions+AF8-data+AF8-with+AF8-ts,icebase.sportsproducts.sports+AF8-customers+AF8-data+AF8-with+AF8-ts,icebase.sportsproducts.sports+AF8-products+AF8-data+AF8-with+AF8-ts,icebase.sportsproducts.sports+AF8-returns+AF8-data+AF8-with+AF8-ts,icebase.sportsproducts.sports+AF8-productsubcategories+AF8-data+AF8-with+AF8-ts,icebase.sportsproducts.sports+AF8-productcategories+AF8-data+AF8-with+AF8-ts,icebase.sportsproducts.sports+AF8-salesterritories+AF8-data+AF8-with+AF8-ts+ACI-,+ACI-+AHs-associated+AF8-dataset:icebase.sportsproducts.sports+AF8-transactions+AF8-data+AF8-with+AF8-ts,query+AF8-count:283,last+AF8-queried+AF8-at:2022+AC0-05+AC0-14 23:56:09.789 UTC+AH0-+ACI-
2022+AC0-05+AC0-14,icebase,sportsproducts,sports+AF8-products+AF8-data+AF8-with+AF8-ts,icebase.sportsproducts.sports+AF8-transactions+AF8-data+AF8-with+AF8-ts,+ACI-icebase.sportsproducts.sports+AF8-transactions+AF8-data+AF8-with+AF8-ts,icebase.sportsproducts.sports+AF8-customers+AF8-data+AF8-with+AF8-ts,icebase.sportsproducts.sports+AF8-products+AF8-data+AF8-with+AF8-ts,icebase.sportsproducts.sports+AF8-returns+AF8-data+AF8-with+AF8-ts,icebase.sportsproducts.sports+AF8-productsubcategories+AF8-data+AF8-with+AF8-ts,icebase.sportsproducts.sports+AF8-productcategories+AF8-data+AF8-with+AF8-ts,icebase.sportsproducts.sports+AF8-salesterritories+AF8-data+AF8-with+AF8-ts+ACI-,+ACI-+AHs-associated+AF8-dataset:icebase.sportsproducts.sports+AF8-transactions+AF8-data+AF8-with+AF8-ts,query+AF8-count:283,last+AF8-queried+AF8-at:2022+AC0-05+AC0-14 23:56:09.789 UTC+AH0-+ACI-
2022+AC0-05+AC0-14,icebase,sportsproducts,sports+AF8-productsubcategories+AF8-data+AF8-with+AF8-ts,icebase.sportsproducts.sports+AF8-productsubcategories+AF8-data+AF8-with+AF8-ts,+ACI-icebase.sportsproducts.sports+AF8-transactions+AF8-data+AF8-with+AF8-ts,icebase.sportsproducts.sports+AF8-customers+AF8-data+AF8-with+AF8-ts,icebase.sportsproducts.sports+AF8-products+AF8-data+AF8-with+AF8-ts,icebase.sportsproducts.sports+AF8-returns+AF8-data+AF8-with+AF8-ts,icebase.sportsproducts.sports+AF8-productsubcategories+AF8-data+AF8-with+AF8-ts,icebase.sportsproducts.sports+AF8-productcategories+AF8-data+AF8-with+AF8-ts,icebase.sportsproducts.sports+AF8-salesterritories+AF8-data+AF8-with+AF8-ts+ACI-,+ACI-+AHs-associated+AF8-dataset:icebase.sportsproducts.sports+AF8-productsubcategories+AF8-data+AF8-with+AF8-ts,query+AF8-count:283,last+AF8-queried+AF8-at:2022+AC0-05+AC0-14 23:56:09.789 UTC+AH0-+ACI-
2022+AC0-05+AC0-13,icebase,sportsproducts,sports+AF8-customers+AF8-data+AF8-with+AF8-ts,icebase.sportsproducts.sports+AF8-transactions+AF8-data+AF8-with+AF8-ts,+ACI-icebase.sportsproducts.sports+AF8-transactions+AF8-data+AF8-with+AF8-ts,icebase.sportsproducts.sports+AF8-customers+AF8-data+AF8-with+AF8-ts,icebase.sportsproducts.sports+AF8-products+AF8-data+AF8-with+AF8-ts,icebase.sportsproducts.sports+AF8-returns+AF8-data+AF8-with+AF8-ts,icebase.sportsproducts.sports+AF8-productsubcategories+AF8-data+AF8-with+AF8-ts,icebase.sportsproducts.sports+AF8-productcategories+AF8-data+AF8-with+AF8-ts,icebase.sportsproducts.sports+AF8-salesterritories+AF8-data+AF8-with+AF8-ts+ACI-,+ACI-+AHs-associated+AF8-dataset:icebase.sportsproducts.sports+AF8-transactions+AF8-data+AF8-with+AF8-ts,query+AF8-count:280,last+AF8-queried+AF8-at:2022+AC0-05+AC0-13 23:56:05.901 UTC+AH0-+ACI-
2022+AC0-05+AC0-13,icebase,sportsproducts,sports+AF8-customers+AF8-data+AF8-with+AF8-ts,icebase.sportsproducts.sports+AF8-productcategories+AF8-data+AF8-with+AF8-ts,+ACI-icebase.sportsproducts.sports+AF8-transactions+AF8-data+AF8-with+AF8-ts,icebase.sportsproducts.sports+AF8-customers+AF8-data+AF8-with+AF8-ts,icebase.sportsproducts.sports+AF8-products+AF8-data+AF8-with+AF8-ts,icebase.sportsproducts.sports+AF8-returns+AF8-data+AF8-with+AF8-ts,icebase.sportsproducts.sports+AF8-productsubcategories+AF8-data+AF8-with+AF8-ts,icebase.sportsproducts.sports+AF8-productcategories+AF8-data+AF8-with+AF8-ts,icebase.sportsproducts.sports+AF8-salesterritories+AF8-data+AF8-with+AF8-ts+ACI-,+ACI-+AHs-associated+AF8-dataset:icebase.sportsproducts.sports+AF8-productcategories+AF8-data+AF8-with+AF8-ts,query+AF8-count:280,last+AF8-queried+AF8-at:2022+AC0-05+AC0-13 23:56:05.901 UTC+AH0-+ACI-
2022+AC0-05+AC0-13,icebase,sportsproducts,sports+AF8-customers+AF8-data+AF8-with+AF8-ts,icebase.sportsproducts.sports+AF8-productsubcategories+AF8-data+AF8-with+AF8-ts,+ACI-icebase.sportsproducts.sports+AF8-transactions+AF8-data+AF8-with+AF8-ts,icebase.sportsproducts.sports+AF8-customers+AF8-data+AF8-with+AF8-ts,icebase.sportsproducts.sports+AF8-products+AF8-data+AF8-with+AF8-ts,icebase.sportsproducts.sports+AF8-returns+AF8-data+AF8-with+AF8-ts,icebase.sportsproducts.sports+AF8-productsubcategories+AF8-data+AF8-with+AF8-ts,icebase.sportsproducts.sports+AF8-productcategories+AF8-data+AF8-with+AF8-ts,icebase.sportsproducts.sports+AF8-salesterritories+AF8-data+AF8-with+AF8-ts+ACI-,+ACI-+AHs-associated+AF8-dataset:icebase.sportsproducts.sports+AF8-productsubcategories+AF8-data+AF8-with+AF8-ts,query+AF8-count:280,last+AF8-queried+AF8-at:2022+AC0-05+AC0-13 23:56:05.901 UTC+AH0-+ACI-
2022+AC0-05+AC0-13,icebase,sportsproducts,sports+AF8-productsubcategories+AF8-data+AF8-with+AF8-ts,icebase.sportsproducts.sports+AF8-productsubcategories+AF8-data+AF8-with+AF8-ts,+ACI-icebase.sportsproducts.sports+AF8-transactions+AF8-data+AF8-with+AF8-ts,icebase.sportsproducts.sports+AF8-customers+AF8-data+AF8-with+AF8-ts,icebase.sportsproducts.sports+AF8-products+AF8-data+AF8-with+AF8-ts,icebase.sportsproducts.sports+AF8-returns+AF8-data+AF8-with+AF8-ts,icebase.sportsproducts.sports+AF8-productsubcategories+AF8-data+AF8-with+AF8-ts,icebase.sportsproducts.sports+AF8-productcategories+AF8-data+AF8-with+AF8-ts,icebase.sportsproducts.sports+AF8-salesterritories+AF8-data+AF8-with+AF8-ts+ACI-,+ACI-+AHs-associated+AF8-dataset:icebase.sportsproducts.sports+AF8-productsubcategories+AF8-data+AF8-with+AF8-ts,query+AF8-count:280,last+AF8-queried+AF8-at:2022+AC0-05+AC0-13 23:56:05.901 UTC+AH0-+ACI-
2022+AC0-05+AC0-13,icebase,sportsproducts,sports+AF8-returns+AF8-data+AF8-with+AF8-ts,icebase.sportsproducts.sports+AF8-returns+AF8-data+AF8-with+AF8-ts,+ACI-icebase.sportsproducts.sports+AF8-transactions+AF8-data+AF8-with+AF8-ts,icebase.sportsproducts.sports+AF8-customers+AF8-data+AF8-with+AF8-ts,icebase.sportsproducts.sports+AF8-products+AF8-data+AF8-with+AF8-ts,icebase.sportsproducts.sports+AF8-returns+AF8-data+AF8-with+AF8-ts,icebase.sportsproducts.sports+AF8-productsubcategories+AF8-data+AF8-with+AF8-ts,icebase.sportsproducts.sports+AF8-productcategories+AF8-data+AF8-with+AF8-ts,icebase.sportsproducts.sports+AF8-salesterritories+AF8-data+AF8-with+AF8-ts+ACI-,+ACI-+AHs-associated+AF8-dataset:icebase.sportsproducts.sports+AF8-returns+AF8-data+AF8-with+AF8-ts,query+AF8-count:280,last+AF8-queried+AF8-at:2022+AC0-05+AC0-13 23:56:05.901 UTC+AH0-+ACI-
2022+AC0-05+AC0-13,icebase,sportsproducts,sports+AF8-productcategories+AF8-data+AF8-with+AF8-ts,icebase.sportsproducts.sports+AF8-productcategories+AF8-data+AF8-with+AF8-ts,+ACI-icebase.sportsproducts.sports+AF8-transactions+AF8-data+AF8-with+AF8-ts,icebase.sportsproducts.sports+AF8-customers+AF8-data+AF8-with+AF8-ts,icebase.sportsproducts.sports+AF8-products+AF8-data+AF8-with+AF8-ts,icebase.sportsproducts.sports+AF8-returns+AF8-data+AF8-with+AF8-ts,icebase.sportsproducts.sports+AF8-productsubcategories+AF8-data+AF8-with+AF8-ts,icebase.sportsproducts.sports+AF8-productcategories+AF8-data+AF8-with+AF8-ts,icebase.sportsproducts.sports+AF8-salesterritories+AF8-data+AF8-with+AF8-ts+ACI-,+ACI-+AHs-associated+AF8-dataset:icebase.sportsproducts.sports+AF8-productcategories+AF8-data+AF8-with+AF8-ts,query+AF8-count:280,last+AF8-queried+AF8-at:2022+AC0-05+AC0-13 23:56:05.901 UTC+AH0-+ACI-
2022+AC0-05+AC0-13,icebase,sportsproducts,sports+AF8-productsubcategories+AF8-data+AF8-with+AF8-ts,icebase.sportsproducts.sports+AF8-productcategories+AF8-data+AF8-with+AF8-ts,+ACI-icebase.sportsproducts.sports+AF8-transactions+AF8-data+AF8-with+AF8-ts,icebase.sportsproducts.sports+AF8-customers+AF8-data+AF8-with+AF8-ts,icebase.sportsproducts.sports+AF8-products+AF8-data+AF8-with+AF8-ts,icebase.sportsproducts.sports+AF8-returns+AF8-data+AF8-with+AF8-ts,icebase.sportsproducts.sports+AF8-productsubcategories+AF8-data+AF8-with+AF8-ts,icebase.sportsproducts.sports+AF8-productcategories+AF8-data+AF8-with+AF8-ts,icebase.sportsproducts.sports+AF8-salesterritories+AF8-data+AF8-with+AF8-ts+ACI-,+ACI-+AHs-associated+AF8-dataset:icebase.sportsproducts.sports+AF8-productcategories+AF8-data+AF8-with+AF8-ts,query+AF8-count:280,last+AF8-queried+AF8-at:2022+AC0-05+AC0-13 23:56:05.901 UTC+AH0-+ACI-
2022+AC0-05+AC0-13,icebase,sportsproducts,sports+AF8-salesterritories+AF8-data+AF8-with+AF8-ts,icebase.sportsproducts.sports+AF8-customers+AF8-data+AF8-with+AF8-ts,+ACI-icebase.sportsproducts.sports+AF8-transactions+AF8-data+AF8-with+AF8-ts,icebase.sportsproducts.sports+AF8-customers+AF8-data+AF8-with+AF8-ts,icebase.sportsproducts.sports+AF8-products+AF8-data+AF8-with+AF8-ts,icebase.sportsproducts.sports+AF8-returns+AF8-data+AF8-with+AF8-ts,icebase.sportsproducts.sports+AF8-productsubcategories+AF8-data+AF8-with+AF8-ts,icebase.sportsproducts.sports+AF8-productcategories+AF8-data+AF8-with+AF8-ts,icebase.sportsproducts.sports+AF8-salesterritories+AF8-data+AF8-with+AF8-ts+ACI-,+ACI-+AHs-associated+AF8-dataset:icebase.sportsproducts.sports+AF8-customers+AF8-data+AF8-with+AF8-ts,query+AF8-count:280,last+AF8-queried+AF8-at:2022+AC0-05+AC0-13 23:56:05.901 UTC+AH0-+ACI-
2022+AC0-05+AC0-13,icebase,sportsproducts,sports+AF8-products+AF8-data+AF8-with+AF8-ts,icebase.sportsproducts.sports+AF8-products+AF8-data+AF8-with+AF8-ts,+ACI-icebase.sportsproducts.sports+AF8-transactions+AF8-data+AF8-with+AF8-ts,icebase.sportsproducts.sports+AF8-customers+AF8-data+AF8-with+AF8-ts,icebase.sportsproducts.sports+AF8-products+AF8-data+AF8-with+AF8-ts,icebase.sportsproducts.sports+AF8-returns+AF8-data+AF8-with+AF8-ts,icebase.sportsproducts.sports+AF8-productsubcategories+AF8-data+AF8-with+AF8-ts,icebase.sportsproducts.sports+AF8-productcategories+AF8-data+AF8-with+AF8-ts,icebase.sportsproducts.sports+AF8-salesterritories+AF8-data+AF8-with+AF8-ts+ACI-,+ACI-+AHs-associated+AF8-dataset:icebase.sportsproducts.sports+AF8-products+AF8-data+AF8-with+AF8-ts,query+AF8-count:280,last+AF8-queried+AF8-at:2022+AC0-05+AC0-13 23:56:05.901 UTC+AH0-+ACI-
2022+AC0-05+AC0-13,icebase,sportsproducts,sports+AF8-productsubcategories+AF8-data+AF8-with+AF8-ts,icebase.sportsproducts.sports+AF8-customers+AF8-data+AF8-with+AF8-ts,+ACI-icebase.sportsproducts.sports+AF8-transactions+AF8-data+AF8-with+AF8-ts,icebase.sportsproducts.sports+AF8-customers+AF8-data+AF8-with+AF8-ts,icebase.sportsproducts.sports+AF8-products+AF8-data+AF8-with+AF8-ts,icebase.sportsproducts.sports+AF8-returns+AF8-data+AF8-with+AF8-ts,icebase.sportsproducts.sports+AF8-productsubcategories+AF8-data+AF8-with+AF8-ts,icebase.sportsproducts.sports+AF8-productcategories+AF8-data+AF8-with+AF8-ts,icebase.sportsproducts.sports+AF8-salesterritories+AF8-data+AF8-with+AF8-ts+ACI-,+ACI-+AHs-associated+AF8-dataset:icebase.sportsproducts.sports+AF8-customers+AF8-data+AF8-with+AF8-ts,query+AF8-count:280,last+AF8-queried+AF8-at:2022+AC0-05+AC0-13 23:56:05.901 UTC+AH0-+ACI-
2022+AC0-05+AC0-13,icebase,sportsproducts,sports+AF8-products+AF8-data+AF8-with+AF8-ts,icebase.sportsproducts.sports+AF8-salesterritories+AF8-data+AF8-with+AF8-ts,+ACI-icebase.sportsproducts.sports+AF8-transactions+AF8-data+AF8-with+AF8-ts,icebase.sportsproducts.sports+AF8-customers+AF8-data+AF8-with+AF8-ts,icebase.sportsproducts.sports+AF8-products+AF8-data+AF8-with+AF8-ts,icebase.sportsproducts.sports+AF8-returns+AF8-data+AF8-with+AF8-ts,icebase.sportsproducts.sports+AF8-productsubcategories+AF8-data+AF8-with+AF8-ts,icebase.sportsproducts.sports+AF8-productcategories+AF8-data+AF8-with+AF8-ts,icebase.sportsproducts.sports+AF8-salesterritories+AF8-data+AF8-with+AF8-ts+ACI-,+ACI-+AHs-associated+AF8-dataset:icebase.sportsproducts.sports+AF8-salesterritories+AF8-data+AF8-with+AF8-ts,query+AF8-count:280,last+AF8-queried+AF8-at:2022+AC0-05+AC0-13 23:56:05.901 UTC+AH0-+ACI-
2022+AC0-05+AC0-13,icebase,sportsproducts,sports+AF8-productcategories+AF8-data+AF8-with+AF8-ts,icebase.sportsproducts.sports+AF8-customers+AF8-data+AF8-with+AF8-ts,+ACI-icebase.sportsproducts.sports+AF8-transactions+AF8-data+AF8-with+AF8-ts,icebase.sportsproducts.sports+AF8-customers+AF8-data+AF8-with+AF8-ts,icebase.sportsproducts.sports+AF8-products+AF8-data+AF8-with+AF8-ts,icebase.sportsproducts.sports+AF8-returns+AF8-data+AF8-with+AF8-ts,icebase.sportsproducts.sports+AF8-productsubcategories+AF8-data+AF8-with+AF8-ts,icebase.sportsproducts.sports+AF8-productcategories+AF8-data+AF8-with+AF8-ts,icebase.sportsproducts.sports+AF8-salesterritories+AF8-data+AF8-with+AF8-ts+ACI-,+ACI-+AHs-associated+AF8-dataset:icebase.sportsproducts.sports+AF8-customers+AF8-data+AF8-with+AF8-ts,query+AF8-count:280,last+AF8-queried+AF8-at:2022+AC0-05+AC0-13 23:56:05.901 UTC+AH0-+ACI-
2022+AC0-05+AC0-12,icebase,sportsproducts,sports+AF8-products+AF8-data+AF8-with+AF8-ts,icebase.sportsproducts.sports+AF8-productcategories+AF8-data+AF8-with+AF8-ts,+ACI-icebase.sportsproducts.sports+AF8-transactions+AF8-data+AF8-with+AF8-ts,icebase.sportsproducts.sports+AF8-customers+AF8-data+AF8-with+AF8-ts,icebase.sportsproducts.sports+AF8-products+AF8-data+AF8-with+AF8-ts,icebase.sportsproducts.sports+AF8-returns+AF8-data+AF8-with+AF8-ts,icebase.sportsproducts.sports+AF8-productsubcategories+AF8-data+AF8-with+AF8-ts,icebase.sportsproducts.sports+AF8-productcategories+AF8-data+AF8-with+AF8-ts,icebase.sportsproducts.sports+AF8-salesterritories+AF8-data+AF8-with+AF8-ts+ACI-,+ACI-+AHs-associated+AF8-dataset:icebase.sportsproducts.sports+AF8-productcategories+AF8-data+AF8-with+AF8-ts,query+AF8-count:277,last+AF8-queried+AF8-at:2022+AC0-05+AC0-12 23:57:01.671 UTC+AH0-+ACI-
2022+AC0-05+AC0-12,icebase,sportsproducts,sports+AF8-returns+AF8-data+AF8-with+AF8-ts,icebase.sportsproducts.sports+AF8-productsubcategories+AF8-data+AF8-with+AF8-ts,+ACI-icebase.sportsproducts.sports+AF8-transactions+AF8-data+AF8-with+AF8-ts,icebase.sportsproducts.sports+AF8-customers+AF8-data+AF8-with+AF8-ts,icebase.sportsproducts.sports+AF8-products+AF8-data+AF8-with+AF8-ts,icebase.sportsproducts.sports+AF8-returns+AF8-data+AF8-with+AF8-ts,icebase.sportsproducts.sports+AF8-productsubcategories+AF8-data+AF8-with+AF8-ts,icebase.sportsproducts.sports+AF8-productcategories+AF8-data+AF8-with+AF8-ts,icebase.sportsproducts.sports+AF8-salesterritories+AF8-data+AF8-with+AF8-ts+ACI-,+ACI-+AHs-associated+AF8-dataset:icebase.sportsproducts.sports+AF8-productsubcategories+AF8-data+AF8-with+AF8-ts,query+AF8-count:277,last+AF8-queried+AF8-at:2022+AC0-05+AC0-12 23:57:01.671 UTC+AH0-+ACI-
2022+AC0-05+AC0-12,icebase,sportsproducts,sports+AF8-salesterritories+AF8-data+AF8-with+AF8-ts,icebase.sportsproducts.sports+AF8-transactions+AF8-data+AF8-with+AF8-ts,+ACI-icebase.sportsproducts.sports+AF8-transactions+AF8-data+AF8-with+AF8-ts,icebase.sportsproducts.sports+AF8-customers+AF8-data+AF8-with+AF8-ts,icebase.sportsproducts.sports+AF8-products+AF8-data+AF8-with+AF8-ts,icebase.sportsproducts.sports+AF8-returns+AF8-data+AF8-with+AF8-ts,icebase.sportsproducts.sports+AF8-productsubcategories+AF8-data+AF8-with+AF8-ts,icebase.sportsproducts.sports+AF8-productcategories+AF8-data+AF8-with+AF8-ts,icebase.sportsproducts.sports+AF8-salesterritories+AF8-data+AF8-with+AF8-ts+ACI-,+ACI-+AHs-associated+AF8-dataset:icebase.sportsproducts.sports+AF8-transactions+AF8-data+AF8-with+AF8-ts,query+AF8-count:277,last+AF8-queried+AF8-at:2022+AC0-05+AC0-12 23:57:01.671 UTC+AH0-+ACI-
2022+AC0-05+AC0-12,icebase,sportsproducts,sports+AF8-productsubcategories+AF8-data+AF8-with+AF8-ts,icebase.sportsproducts.sports+AF8-productcategories+AF8-data+AF8-with+AF8-ts,+ACI-icebase.sportsproducts.sports+AF8-transactions+AF8-data+AF8-with+AF8-ts,icebase.sportsproducts.sports+AF8-customers+AF8-data+AF8-with+AF8-ts,icebase.sportsproducts.sports+AF8-products+AF8-data+AF8-with+AF8-ts,icebase.sportsproducts.sports+AF8-returns+AF8-data+AF8-with+AF8-ts,icebase.sportsproducts.sports+AF8-productsubcategories+AF8-data+AF8-with+AF8-ts,icebase.sportsproducts.sports+AF8-productcategories+AF8-data+AF8-with+AF8-ts,icebase.sportsproducts.sports+AF8-salesterritories+AF8-data+AF8-with+AF8-ts+ACI-,+ACI-+AHs-associated+AF8-dataset:icebase.sportsproducts.sports+AF8-productcategories+AF8-data+AF8-with+AF8-ts,query+AF8-count:277,last+AF8-queried+AF8-at:2022+AC0-05+AC0-12 23:57:01.671 UTC+AH0-+ACI-
2022+AC0-05+AC0-12,icebase,sportsproducts,sports+AF8-salesterritories+AF8-data+AF8-with+AF8-ts,icebase.sportsproducts.sports+AF8-returns+AF8-data+AF8-with+AF8-ts,+ACI-icebase.sportsproducts.sports+AF8-transactions+AF8-data+AF8-with+AF8-ts,icebase.sportsproducts.sports+AF8-customers+AF8-data+AF8-with+AF8-ts,icebase.sportsproducts.sports+AF8-products+AF8-data+AF8-with+AF8-ts,icebase.sportsproducts.sports+AF8-returns+AF8-data+AF8-with+AF8-ts,icebase.sportsproducts.sports+AF8-productsubcategories+AF8-data+AF8-with+AF8-ts,icebase.sportsproducts.sports+AF8-productcategories+AF8-data+AF8-with+AF8-ts,icebase.sportsproducts.sports+AF8-salesterritories+AF8-data+AF8-with+AF8-ts+ACI-,+ACI-+AHs-associated+AF8-dataset:icebase.sportsproducts.sports+AF8-returns+AF8-data+AF8-with+AF8-ts,query+AF8-count:277,last+AF8-queried+AF8-at:2022+AC0-05+AC0-12 23:57:01.671 UTC+AH0-+ACI-
2022+AC0-05+AC0-11,icebase,sportsproducts,sports+AF8-customers+AF8-data+AF8-with+AF8-ts,icebase.sportsproducts.sports+AF8-customers+AF8-data+AF8-with+AF8-ts,+ACI-icebase.sportsproducts.sports+AF8-transactions+AF8-data+AF8-with+AF8-ts,icebase.sportsproducts.sports+AF8-customers+AF8-data+AF8-with+AF8-ts,icebase.sportsproducts.sports+AF8-products+AF8-data+AF8-with+AF8-ts,icebase.sportsproducts.sports+AF8-returns+AF8-data+AF8-with+AF8-ts,icebase.sportsproducts.sports+AF8-productsubcategories+AF8-data+AF8-with+AF8-ts,icebase.sportsproducts.sports+AF8-productcategories+AF8-data+AF8-with+AF8-ts,icebase.sportsproducts.sports+AF8-salesterritories+AF8-data+AF8-with+AF8-ts+ACI-,+ACI-+AHs-associated+AF8-dataset:icebase.sportsproducts.sports+AF8-customers+AF8-data+AF8-with+AF8-ts,query+AF8-count:278,last+AF8-queried+AF8-at:2022+AC0-05+AC0-11 23:57:51.238 UTC+AH0-+ACI-
2022+AC0-05+AC0-11,icebase,sportsproducts,sports+AF8-productcategories+AF8-data+AF8-with+AF8-ts,icebase.sportsproducts.sports+AF8-customers+AF8-data+AF8-with+AF8-ts,+ACI-icebase.sportsproducts.sports+AF8-transactions+AF8-data+AF8-with+AF8-ts,icebase.sportsproducts.sports+AF8-customers+AF8-data+AF8-with+AF8-ts,icebase.sportsproducts.sports+AF8-products+AF8-data+AF8-with+AF8-ts,icebase.sportsproducts.sports+AF8-returns+AF8-data+AF8-with+AF8-ts,icebase.sportsproducts.sports+AF8-productsubcategories+AF8-data+AF8-with+AF8-ts,icebase.sportsproducts.sports+AF8-productcategories+AF8-data+AF8-with+AF8-ts,icebase.sportsproducts.sports+AF8-salesterritories+AF8-data+AF8-with+AF8-ts+ACI-,+ACI-+AHs-associated+AF8-dataset:icebase.sportsproducts.sports+AF8-customers+AF8-data+AF8-with+AF8-ts,query+AF8-count:278,last+AF8-queried+AF8-at:2022+AC0-05+AC0-11 23:57:51.238 UTC+AH0-+ACI-
2022+AC0-05+AC0-11,icebase,sportsproducts,sports+AF8-productcategories+AF8-data+AF8-with+AF8-ts,icebase.sportsproducts.sports+AF8-returns+AF8-data+AF8-with+AF8-ts,+ACI-icebase.sportsproducts.sports+AF8-transactions+AF8-data+AF8-with+AF8-ts,icebase.sportsproducts.sports+AF8-customers+AF8-data+AF8-with+AF8-ts,icebase.sportsproducts.sports+AF8-products+AF8-data+AF8-with+AF8-ts,icebase.sportsproducts.sports+AF8-returns+AF8-data+AF8-with+AF8-ts,icebase.sportsproducts.sports+AF8-productsubcategories+AF8-data+AF8-with+AF8-ts,icebase.sportsproducts.sports+AF8-productcategories+AF8-data+AF8-with+AF8-ts,icebase.sportsproducts.sports+AF8-salesterritories+AF8-data+AF8-with+AF8-ts+ACI-,+ACI-+AHs-associated+AF8-dataset:icebase.sportsproducts.sports+AF8-returns+AF8-data+AF8-with+AF8-ts,query+AF8-count:278,last+AF8-queried+AF8-at:2022+AC0-05+AC0-11 23:57:51.238 UTC+AH0-+ACI-
2022+AC0-05+AC0-11,icebase,sportsproducts,sports+AF8-transactions+AF8-data+AF8-with+AF8-ts,icebase.sportsproducts.sports+AF8-customers+AF8-data+AF8-with+AF8-ts,+ACI-icebase.sportsproducts.sports+AF8-transactions+AF8-data+AF8-with+AF8-ts,icebase.sportsproducts.sports+AF8-customers+AF8-data+AF8-with+AF8-ts,icebase.sportsproducts.sports+AF8-products+AF8-data+AF8-with+AF8-ts,icebase.sportsproducts.sports+AF8-returns+AF8-data+AF8-with+AF8-ts,icebase.sportsproducts.sports+AF8-productsubcategories+AF8-data+AF8-with+AF8-ts,icebase.sportsproducts.sports+AF8-productcategories+AF8-data+AF8-with+AF8-ts,icebase.sportsproducts.sports+AF8-salesterritories+AF8-data+AF8-with+AF8-ts+ACI-,+ACI-+AHs-associated+AF8-dataset:icebase.sportsproducts.sports+AF8-customers+AF8-data+AF8-with+AF8-ts,query+AF8-count:278,last+AF8-queried+AF8-at:2022+AC0-05+AC0-11 23:57:51.238 UTC+AH0-+ACI-
2022+AC0-05+AC0-11,icebase,sportsproducts,sports+AF8-productcategories+AF8-data+AF8-with+AF8-ts,icebase.sportsproducts.sports+AF8-transactions+AF8-data+AF8-with+AF8-ts,+ACI-icebase.sportsproducts.sports+AF8-transactions+AF8-data+AF8-with+AF8-ts,icebase.sportsproducts.sports+AF8-customers+AF8-data+AF8-with+AF8-ts,icebase.sportsproducts.sports+AF8-products+AF8-data+AF8-with+AF8-ts,icebase.sportsproducts.sports+AF8-returns+AF8-data+AF8-with+AF8-ts,icebase.sportsproducts.sports+AF8-productsubcategories+AF8-data+AF8-with+AF8-ts,icebase.sportsproducts.sports+AF8-productcategories+AF8-data+AF8-with+AF8-ts,icebase.sportsproducts.sports+AF8-salesterritories+AF8-data+AF8-with+AF8-ts+ACI-,+ACI-+AHs-associated+AF8-dataset:icebase.sportsproducts.sports+AF8-transactions+AF8-data+AF8-with+AF8-ts,query+AF8-count:278,last+AF8-queried+AF8-at:2022+AC0-05+AC0-11 23:57:51.238 UTC+AH0-+ACI-
2022+AC0-05+AC0-11,icebase,sportsproducts,sports+AF8-productsubcategories+AF8-data+AF8-with+AF8-ts,icebase.sportsproducts.sports+AF8-productcategories+AF8-data+AF8-with+AF8-ts,+ACI-icebase.sportsproducts.sports+AF8-transactions+AF8-data+AF8-with+AF8-ts,icebase.sportsproducts.sports+AF8-customers+AF8-data+AF8-with+AF8-ts,icebase.sportsproducts.sports+AF8-products+AF8-data+AF8-with+AF8-ts,icebase.sportsproducts.sports+AF8-returns+AF8-data+AF8-with+AF8-ts,icebase.sportsproducts.sports+AF8-productsubcategories+AF8-data+AF8-with+AF8-ts,icebase.sportsproducts.sports+AF8-productcategories+AF8-data+AF8-with+AF8-ts,icebase.sportsproducts.sports+AF8-salesterritories+AF8-data+AF8-with+AF8-ts+ACI-,+ACI-+AHs-associated+AF8-dataset:icebase.sportsproducts.sports+AF8-productcategories+AF8-data+AF8-with+AF8-ts,query+AF8-count:278,last+AF8-queried+AF8-at:2022+AC0-05+AC0-11 23:57:51.238 UTC+AH0-+ACI-
2022+AC0-05+AC0-10,icebase,sportsproducts,sports+AF8-productsubcategories+AF8-data+AF8-with+AF8-ts,icebase.sportsproducts.sports+AF8-productsubcategories+AF8-data+AF8-with+AF8-ts,+ACI-icebase.sportsproducts.sports+AF8-transactions+AF8-data+AF8-with+AF8-ts,icebase.sportsproducts.sports+AF8-customers+AF8-data+AF8-with+AF8-ts,icebase.sportsproducts.sports+AF8-products+AF8-data+AF8-with+AF8-ts,icebase.sportsproducts.sports+AF8-returns+AF8-data+AF8-with+AF8-ts,icebase.sportsproducts.sports+AF8-productsubcategories+AF8-data+AF8-with+AF8-ts,icebase.sportsproducts.sports+AF8-productcategories+AF8-data+AF8-with+AF8-ts,icebase.sportsproducts.sports+AF8-salesterritories+AF8-data+AF8-with+AF8-ts+ACI-,+ACI-+AHs-associated+AF8-dataset:icebase.sportsproducts.sports+AF8-productsubcategories+AF8-data+AF8-with+AF8-ts,query+AF8-count:274,last+AF8-queried+AF8-at:2022+AC0-05+AC0-10 23:55:47.376 UTC+AH0-+ACI-
2022+AC0-05+AC0-10,icebase,sportsproducts,sports+AF8-salesterritories+AF8-data+AF8-with+AF8-ts,icebase.sportsproducts.sports+AF8-transactions+AF8-data+AF8-with+AF8-ts,+ACI-icebase.sportsproducts.sports+AF8-transactions+AF8-data+AF8-with+AF8-ts,icebase.sportsproducts.sports+AF8-customers+AF8-data+AF8-with+AF8-ts,icebase.sportsproducts.sports+AF8-products+AF8-data+AF8-with+AF8-ts,icebase.sportsproducts.sports+AF8-returns+AF8-data+AF8-with+AF8-ts,icebase.sportsproducts.sports+AF8-productsubcategories+AF8-data+AF8-with+AF8-ts,icebase.sportsproducts.sports+AF8-productcategories+AF8-data+AF8-with+AF8-ts,icebase.sportsproducts.sports+AF8-salesterritories+AF8-data+AF8-with+AF8-ts+ACI-,+ACI-+AHs-associated+AF8-dataset:icebase.sportsproducts.sports+AF8-transactions+AF8-data+AF8-with+AF8-ts,query+AF8-count:274,last+AF8-queried+AF8-at:2022+AC0-05+AC0-10 23:55:47.376 UTC+AH0-+ACI-
2022+AC0-05+AC0-10,icebase,sportsproducts,sports+AF8-transactions+AF8-data+AF8-with+AF8-ts,icebase.sportsproducts.sports+AF8-salesterritories+AF8-data+AF8-with+AF8-ts,+ACI-icebase.sportsproducts.sports+AF8-transactions+AF8-data+AF8-with+AF8-ts,icebase.sportsproducts.sports+AF8-customers+AF8-data+AF8-with+AF8-ts,icebase.sportsproducts.sports+AF8-products+AF8-data+AF8-with+AF8-ts,icebase.sportsproducts.sports+AF8-returns+AF8-data+AF8-with+AF8-ts,icebase.sportsproducts.sports+AF8-productsubcategories+AF8-data+AF8-with+AF8-ts,icebase.sportsproducts.sports+AF8-productcategories+AF8-data+AF8-with+AF8-ts,icebase.sportsproducts.sports+AF8-salesterritories+AF8-data+AF8-with+AF8-ts+ACI-,+ACI-+AHs-associated+AF8-dataset:icebase.sportsproducts.sports+AF8-salesterritories+AF8-data+AF8-with+AF8-ts,query+AF8-count:274,last+AF8-queried+AF8-at:2022+AC0-05+AC0-10 23:55:47.376 UTC+AH0-+ACI-
2022+AC0-05+AC0-10,icebase,sportsproducts,sports+AF8-returns+AF8-data+AF8-with+AF8-ts,icebase.sportsproducts.sports+AF8-transactions+AF8-data+AF8-with+AF8-ts,+ACI-icebase.sportsproducts.sports+AF8-transactions+AF8-data+AF8-with+AF8-ts,icebase.sportsproducts.sports+AF8-customers+AF8-data+AF8-with+AF8-ts,icebase.sportsproducts.sports+AF8-products+AF8-data+AF8-with+AF8-ts,icebase.sportsproducts.sports+AF8-returns+AF8-data+AF8-with+AF8-ts,icebase.sportsproducts.sports+AF8-productsubcategories+AF8-data+AF8-with+AF8-ts,icebase.sportsproducts.sports+AF8-productcategories+AF8-data+AF8-with+AF8-ts,icebase.sportsproducts.sports+AF8-salesterritories+AF8-data+AF8-with+AF8-ts+ACI-,+ACI-+AHs-associated+AF8-dataset:icebase.sportsproducts.sports+AF8-transactions+AF8-data+AF8-with+AF8-ts,query+AF8-count:274,last+AF8-queried+AF8-at:2022+AC0-05+AC0-10 23:55:47.376 UTC+AH0-+ACI-
2022+AC0-05+AC0-10,icebase,sportsproducts,sports+AF8-productsubcategories+AF8-data+AF8-with+AF8-ts,icebase.sportsproducts.sports+AF8-salesterritories+AF8-data+AF8-with+AF8-ts,+ACI-icebase.sportsproducts.sports+AF8-transactions+AF8-data+AF8-with+AF8-ts,icebase.sportsproducts.sports+AF8-customers+AF8-data+AF8-with+AF8-ts,icebase.sportsproducts.sports+AF8-products+AF8-data+AF8-with+AF8-ts,icebase.sportsproducts.sports+AF8-returns+AF8-data+AF8-with+AF8-ts,icebase.sportsproducts.sports+AF8-productsubcategories+AF8-data+AF8-with+AF8-ts,icebase.sportsproducts.sports+AF8-productcategories+AF8-data+AF8-with+AF8-ts,icebase.sportsproducts.sports+AF8-salesterritories+AF8-data+AF8-with+AF8-ts+ACI-,+ACI-+AHs-associated+AF8-dataset:icebase.sportsproducts.sports+AF8-salesterritories+AF8-data+AF8-with+AF8-ts,query+AF8-count:274,last+AF8-queried+AF8-at:2022+AC0-05+AC0-10 23:55:47.376 UTC+AH0-+ACI-
2022+AC0-05+AC0-10,icebase,sportsproducts,sports+AF8-productsubcategories+AF8-data+AF8-with+AF8-ts,icebase.sportsproducts.sports+AF8-returns+AF8-data+AF8-with+AF8-ts,+ACI-icebase.sportsproducts.sports+AF8-transactions+AF8-data+AF8-with+AF8-ts,icebase.sportsproducts.sports+AF8-customers+AF8-data+AF8-with+AF8-ts,icebase.sportsproducts.sports+AF8-products+AF8-data+AF8-with+AF8-ts,icebase.sportsproducts.sports+AF8-returns+AF8-data+AF8-with+AF8-ts,icebase.sportsproducts.sports+AF8-productsubcategories+AF8-data+AF8-with+AF8-ts,icebase.sportsproducts.sports+AF8-productcategories+AF8-data+AF8-with+AF8-ts,icebase.sportsproducts.sports+AF8-salesterritories+AF8-data+AF8-with+AF8-ts+ACI-,+ACI-+AHs-associated+AF8-dataset:icebase.sportsproducts.sports+AF8-returns+AF8-data+AF8-with+AF8-ts,query+AF8-count:274,last+AF8-queried+AF8-at:2022+AC0-05+AC0-10 23:55:47.376 UTC+AH0-+ACI-
2022+AC0-05+AC0-10,icebase,sportsproducts,sports+AF8-customers+AF8-data+AF8-with+AF8-ts,icebase.sportsproducts.sports+AF8-customers+AF8-data+AF8-with+AF8-ts,+ACI-icebase.sportsproducts.sports+AF8-transactions+AF8-data+AF8-with+AF8-ts,icebase.sportsproducts.sports+AF8-customers+AF8-data+AF8-with+AF8-ts,icebase.sportsproducts.sports+AF8-products+AF8-data+AF8-with+AF8-ts,icebase.sportsproducts.sports+AF8-returns+AF8-data+AF8-with+AF8-ts,icebase.sportsproducts.sports+AF8-productsubcategories+AF8-data+AF8-with+AF8-ts,icebase.sportsproducts.sports+AF8-productcategories+AF8-data+AF8-with+AF8-ts,icebase.sportsproducts.sports+AF8-salesterritories+AF8-data+AF8-with+AF8-ts+ACI-,+ACI-+AHs-associated+AF8-dataset:icebase.sportsproducts.sports+AF8-customers+AF8-data+AF8-with+AF8-ts,query+AF8-count:274,last+AF8-queried+AF8-at:2022+AC0-05+AC0-10 23:55:47.376 UTC+AH0-+ACI-
2022+AC0-05+AC0-10,icebase,sportsproducts,sports+AF8-productsubcategories+AF8-data+AF8-with+AF8-ts,icebase.sportsproducts.sports+AF8-transactions+AF8-data+AF8-with+AF8-ts,+ACI-icebase.sportsproducts.sports+AF8-transactions+AF8-data+AF8-with+AF8-ts,icebase.sportsproducts.sports+AF8-customers+AF8-data+AF8-with+AF8-ts,icebase.sportsproducts.sports+AF8-products+AF8-data+AF8-with+AF8-ts,icebase.sportsproducts.sports+AF8-returns+AF8-data+AF8-with+AF8-ts,icebase.sportsproducts.sports+AF8-productsubcategories+AF8-data+AF8-with+AF8-ts,icebase.sportsproducts.sports+AF8-productcategories+AF8-data+AF8-with+AF8-ts,icebase.sportsproducts.sports+AF8-salesterritories+AF8-data+AF8-with+AF8-ts+ACI-,+ACI-+AHs-associated+AF8-dataset:icebase.sportsproducts.sports+AF8-transactions+AF8-data+AF8-with+AF8-ts,query+AF8-count:274,last+AF8-queried+AF8-at:2022+AC0-05+AC0-10 23:55:47.376 UTC+AH0-+ACI-
2022+AC0-05+AC0-10,icebase,sportsproducts,sports+AF8-customers+AF8-data+AF8-with+AF8-ts,icebase.sportsproducts.sports+AF8-returns+AF8-data+AF8-with+AF8-ts,+ACI-icebase.sportsproducts.sports+AF8-transactions+AF8-data+AF8-with+AF8-ts,icebase.sportsproducts.sports+AF8-customers+AF8-data+AF8-with+AF8-ts,icebase.sportsproducts.sports+AF8-products+AF8-data+AF8-with+AF8-ts,icebase.sportsproducts.sports+AF8-returns+AF8-data+AF8-with+AF8-ts,icebase.sportsproducts.sports+AF8-productsubcategories+AF8-data+AF8-with+AF8-ts,icebase.sportsproducts.sports+AF8-productcategories+AF8-data+AF8-with+AF8-ts,icebase.sportsproducts.sports+AF8-salesterritories+AF8-data+AF8-with+AF8-ts+ACI-,+ACI-+AHs-associated+AF8-dataset:icebase.sportsproducts.sports+AF8-returns+AF8-data+AF8-with+AF8-ts,query+AF8-count:274,last+AF8-queried+AF8-at:2022+AC0-05+AC0-10 23:55:47.376 UTC+AH0-+ACI-
2022+AC0-05+AC0-10,icebase,sportsproducts,sports+AF8-products+AF8-data+AF8-with+AF8-ts,icebase.sportsproducts.sports+AF8-salesterritories+AF8-data+AF8-with+AF8-ts,+ACI-icebase.sportsproducts.sports+AF8-transactions+AF8-data+AF8-with+AF8-ts,icebase.sportsproducts.sports+AF8-customers+AF8-data+AF8-with+AF8-ts,icebase.sportsproducts.sports+AF8-products+AF8-data+AF8-with+AF8-ts,icebase.sportsproducts.sports+AF8-returns+AF8-data+AF8-with+AF8-ts,icebase.sportsproducts.sports+AF8-productsubcategories+AF8-data+AF8-with+AF8-ts,icebase.sportsproducts.sports+AF8-productcategories+AF8-data+AF8-with+AF8-ts,icebase.sportsproducts.sports+AF8-salesterritories+AF8-data+AF8-with+AF8-ts+ACI-,+ACI-+AHs-associated+AF8-dataset:icebase.sportsproducts.sports+AF8-salesterritories+AF8-data+AF8-with+AF8-ts,query+AF8-count:274,last+AF8-queried+AF8-at:2022+AC0-05+AC0-10 23:55:47.376 UTC+AH0-+ACI-
2022+AC0-05+AC0-10,icebase,sportsproducts,sports+AF8-productsubcategories+AF8-data+AF8-with+AF8-ts,icebase.sportsproducts.sports+AF8-products+AF8-data+AF8-with+AF8-ts,+ACI-icebase.sportsproducts.sports+AF8-transactions+AF8-data+AF8-with+AF8-ts,icebase.sportsproducts.sports+AF8-customers+AF8-data+AF8-with+AF8-ts,icebase.sportsproducts.sports+AF8-products+AF8-data+AF8-with+AF8-ts,icebase.sportsproducts.sports+AF8-returns+AF8-data+AF8-with+AF8-ts,icebase.sportsproducts.sports+AF8-productsubcategories+AF8-data+AF8-with+AF8-ts,icebase.sportsproducts.sports+AF8-productcategories+AF8-data+AF8-with+AF8-ts,icebase.sportsproducts.sports+AF8-salesterritories+AF8-data+AF8-with+AF8-ts+ACI-,+ACI-+AHs-associated+AF8-dataset:icebase.sportsproducts.sports+AF8-products+AF8-data+AF8-with+AF8-ts,query+AF8-count:274,last+AF8-queried+AF8-at:2022+AC0-05+AC0-10 23:55:47.376 UTC+AH0-+ACI-
2022+AC0-05+AC0-09,icebase,sportsproducts,sports+AF8-products+AF8-data+AF8-with+AF8-ts,icebase.sportsproducts.sports+AF8-products+AF8-data+AF8-with+AF8-ts,+ACI-icebase.sportsproducts.sports+AF8-transactions+AF8-data+AF8-with+AF8-ts,icebase.sportsproducts.sports+AF8-customers+AF8-data+AF8-with+AF8-ts,icebase.sportsproducts.sports+AF8-products+AF8-data+AF8-with+AF8-ts,icebase.sportsproducts.sports+AF8-returns+AF8-data+AF8-with+AF8-ts,icebase.sportsproducts.sports+AF8-productsubcategories+AF8-data+AF8-with+AF8-ts,icebase.sportsproducts.sports+AF8-productcategories+AF8-data+AF8-with+AF8-ts,icebase.sportsproducts.sports+AF8-salesterritories+AF8-data+AF8-with+AF8-ts+ACI-,+ACI-+AHs-associated+AF8-dataset:icebase.sportsproducts.sports+AF8-products+AF8-data+AF8-with+AF8-ts,query+AF8-count:274,last+AF8-queried+AF8-at:2022+AC0-05+AC0-09 23:54:38.743 UTC+AH0-+ACI-
2022+AC0-05+AC0-09,icebase,sportsproducts,sports+AF8-returns+AF8-data+AF8-with+AF8-ts,icebase.sportsproducts.sports+AF8-returns+AF8-data+AF8-with+AF8-ts,+ACI-icebase.sportsproducts.sports+AF8-transactions+AF8-data+AF8-with+AF8-ts,icebase.sportsproducts.sports+AF8-customers+AF8-data+AF8-with+AF8-ts,icebase.sportsproducts.sports+AF8-products+AF8-data+AF8-with+AF8-ts,icebase.sportsproducts.sports+AF8-returns+AF8-data+AF8-with+AF8-ts,icebase.sportsproducts.sports+AF8-productsubcategories+AF8-data+AF8-with+AF8-ts,icebase.sportsproducts.sports+AF8-productcategories+AF8-data+AF8-with+AF8-ts,icebase.sportsproducts.sports+AF8-salesterritories+AF8-data+AF8-with+AF8-ts+ACI-,+ACI-+AHs-associated+AF8-dataset:icebase.sportsproducts.sports+AF8-returns+AF8-data+AF8-with+AF8-ts,query+AF8-count:274,last+AF8-queried+AF8-at:2022+AC0-05+AC0-09 23:54:38.743 UTC+AH0-+ACI-
2022+AC0-05+AC0-09,icebase,sportsproducts,sports+AF8-products+AF8-data+AF8-with+AF8-ts,icebase.sportsproducts.sports+AF8-customers+AF8-data+AF8-with+AF8-ts,+ACI-icebase.sportsproducts.sports+AF8-transactions+AF8-data+AF8-with+AF8-ts,icebase.sportsproducts.sports+AF8-customers+AF8-data+AF8-with+AF8-ts,icebase.sportsproducts.sports+AF8-products+AF8-data+AF8-with+AF8-ts,icebase.sportsproducts.sports+AF8-returns+AF8-data+AF8-with+AF8-ts,icebase.sportsproducts.sports+AF8-productsubcategories+AF8-data+AF8-with+AF8-ts,icebase.sportsproducts.sports+AF8-productcategories+AF8-data+AF8-with+AF8-ts,icebase.sportsproducts.sports+AF8-salesterritories+AF8-data+AF8-with+AF8-ts+ACI-,+ACI-+AHs-associated+AF8-dataset:icebase.sportsproducts.sports+AF8-customers+AF8-data+AF8-with+AF8-ts,query+AF8-count:274,last+AF8-queried+AF8-at:2022+AC0-05+AC0-09 23:54:38.743 UTC+AH0-+ACI-
2022+AC0-05+AC0-09,icebase,sportsproducts,sports+AF8-productsubcategories+AF8-data+AF8-with+AF8-ts,icebase.sportsproducts.sports+AF8-customers+AF8-data+AF8-with+AF8-ts,+ACI-icebase.sportsproducts.sports+AF8-transactions+AF8-data+AF8-with+AF8-ts,icebase.sportsproducts.sports+AF8-customers+AF8-data+AF8-with+AF8-ts,icebase.sportsproducts.sports+AF8-products+AF8-data+AF8-with+AF8-ts,icebase.sportsproducts.sports+AF8-returns+AF8-data+AF8-with+AF8-ts,icebase.sportsproducts.sports+AF8-productsubcategories+AF8-data+AF8-with+AF8-ts,icebase.sportsproducts.sports+AF8-productcategories+AF8-data+AF8-with+AF8-ts,icebase.sportsproducts.sports+AF8-salesterritories+AF8-data+AF8-with+AF8-ts+ACI-,+ACI-+AHs-associated+AF8-dataset:icebase.sportsproducts.sports+AF8-customers+AF8-data+AF8-with+AF8-ts,query+AF8-count:274,last+AF8-queried+AF8-at:2022+AC0-05+AC0-09 23:54:38.743 UTC+AH0-+ACI-
2022+AC0-05+AC0-09,icebase,sportsproducts,sports+AF8-returns+AF8-data+AF8-with+AF8-ts,icebase.sportsproducts.sports+AF8-products+AF8-data+AF8-with+AF8-ts,+ACI-icebase.sportsproducts.sports+AF8-transactions+AF8-data+AF8-with+AF8-ts,icebase.sportsproducts.sports+AF8-customers+AF8-data+AF8-with+AF8-ts,icebase.sportsproducts.sports+AF8-products+AF8-data+AF8-with+AF8-ts,icebase.sportsproducts.sports+AF8-returns+AF8-data+AF8-with+AF8-ts,icebase.sportsproducts.sports+AF8-productsubcategories+AF8-data+AF8-with+AF8-ts,icebase.sportsproducts.sports+AF8-productcategories+AF8-data+AF8-with+AF8-ts,icebase.sportsproducts.sports+AF8-salesterritories+AF8-data+AF8-with+AF8-ts+ACI-,+ACI-+AHs-associated+AF8-dataset:icebase.sportsproducts.sports+AF8-products+AF8-data+AF8-with+AF8-ts,query+AF8-count:274,last+AF8-queried+AF8-at:2022+AC0-05+AC0-09 23:54:38.743 UTC+AH0-+ACI-
2022+AC0-05+AC0-09,icebase,sportsproducts,sports+AF8-productcategories+AF8-data+AF8-with+AF8-ts,icebase.sportsproducts.sports+AF8-salesterritories+AF8-data+AF8-with+AF8-ts,+ACI-icebase.sportsproducts.sports+AF8-transactions+AF8-data+AF8-with+AF8-ts,icebase.sportsproducts.sports+AF8-customers+AF8-data+AF8-with+AF8-ts,icebase.sportsproducts.sports+AF8-products+AF8-data+AF8-with+AF8-ts,icebase.sportsproducts.sports+AF8-returns+AF8-data+AF8-with+AF8-ts,icebase.sportsproducts.sports+AF8-productsubcategories+AF8-data+AF8-with+AF8-ts,icebase.sportsproducts.sports+AF8-productcategories+AF8-data+AF8-with+AF8-ts,icebase.sportsproducts.sports+AF8-salesterritories+AF8-data+AF8-with+AF8-ts+ACI-,+ACI-+AHs-associated+AF8-dataset:icebase.sportsproducts.sports+AF8-salesterritories+AF8-data+AF8-with+AF8-ts,query+AF8-count:274,last+AF8-queried+AF8-at:2022+AC0-05+AC0-09 23:54:38.743 UTC+AH0-+ACI-
2022+AC0-05+AC0-09,icebase,sportsproducts,sports+AF8-salesterritories+AF8-data+AF8-with+AF8-ts,icebase.sportsproducts.sports+AF8-transactions+AF8-data+AF8-with+AF8-ts,+ACI-icebase.sportsproducts.sports+AF8-transactions+AF8-data+AF8-with+AF8-ts,icebase.sportsproducts.sports+AF8-customers+AF8-data+AF8-with+AF8-ts,icebase.sportsproducts.sports+AF8-products+AF8-data+AF8-with+AF8-ts,icebase.sportsproducts.sports+AF8-returns+AF8-data+AF8-with+AF8-ts,icebase.sportsproducts.sports+AF8-productsubcategories+AF8-data+AF8-with+AF8-ts,icebase.sportsproducts.sports+AF8-productcategories+AF8-data+AF8-with+AF8-ts,icebase.sportsproducts.sports+AF8-salesterritories+AF8-data+AF8-with+AF8-ts+ACI-,+ACI-+AHs-associated+AF8-dataset:icebase.sportsproducts.sports+AF8-transactions+AF8-data+AF8-with+AF8-ts,query+AF8-count:274,last+AF8-queried+AF8-at:2022+AC0-05+AC0-09 23:54:38.743 UTC+AH0-+ACI-
2022+AC0-05+AC0-09,icebase,sportsproducts,sports+AF8-salesterritories+AF8-data+AF8-with+AF8-ts,icebase.sportsproducts.sports+AF8-salesterritories+AF8-data+AF8-with+AF8-ts,+ACI-icebase.sportsproducts.sports+AF8-transactions+AF8-data+AF8-with+AF8-ts,icebase.sportsproducts.sports+AF8-customers+AF8-data+AF8-with+AF8-ts,icebase.sportsproducts.sports+AF8-products+AF8-data+AF8-with+AF8-ts,icebase.sportsproducts.sports+AF8-returns+AF8-data+AF8-with+AF8-ts,icebase.sportsproducts.sports+AF8-productsubcategories+AF8-data+AF8-with+AF8-ts,icebase.sportsproducts.sports+AF8-productcategories+AF8-data+AF8-with+AF8-ts,icebase.sportsproducts.sports+AF8-salesterritories+AF8-data+AF8-with+AF8-ts+ACI-,+ACI-+AHs-associated+AF8-dataset:icebase.sportsproducts.sports+AF8-salesterritories+AF8-data+AF8-with+AF8-ts,query+AF8-count:274,last+AF8-queried+AF8-at:2022+AC0-05+AC0-09 23:54:38.743 UTC+AH0-+ACI-
2022+AC0-05+AC0-08,icebase,sportsproducts,sports+AF8-products+AF8-data+AF8-with+AF8-ts,icebase.sportsproducts.sports+AF8-products+AF8-data+AF8-with+AF8-ts,+ACI-icebase.sportsproducts.sports+AF8-transactions+AF8-data+AF8-with+AF8-ts,icebase.sportsproducts.sports+AF8-customers+AF8-data+AF8-with+AF8-ts,icebase.sportsproducts.sports+AF8-products+AF8-data+AF8-with+AF8-ts,icebase.sportsproducts.sports+AF8-returns+AF8-data+AF8-with+AF8-ts,icebase.sportsproducts.sports+AF8-productsubcategories+AF8-data+AF8-with+AF8-ts,icebase.sportsproducts.sports+AF8-productcategories+AF8-data+AF8-with+AF8-ts,icebase.sportsproducts.sports+AF8-salesterritories+AF8-data+AF8-with+AF8-ts+ACI-,+ACI-+AHs-associated+AF8-dataset:icebase.sportsproducts.sports+AF8-products+AF8-data+AF8-with+AF8-ts,query+AF8-count:279,last+AF8-queried+AF8-at:2022+AC0-05+AC0-08 23:58:29.210 UTC+AH0-+ACI-
2022+AC0-05+AC0-08,icebase,sportsproducts,sports+AF8-salesterritories+AF8-data+AF8-with+AF8-ts,icebase.sportsproducts.sports+AF8-productsubcategories+AF8-data+AF8-with+AF8-ts,+ACI-icebase.sportsproducts.sports+AF8-transactions+AF8-data+AF8-with+AF8-ts,icebase.sportsproducts.sports+AF8-customers+AF8-data+AF8-with+AF8-ts,icebase.sportsproducts.sports+AF8-products+AF8-data+AF8-with+AF8-ts,icebase.sportsproducts.sports+AF8-returns+AF8-data+AF8-with+AF8-ts,icebase.sportsproducts.sports+AF8-productsubcategories+AF8-data+AF8-with+AF8-ts,icebase.sportsproducts.sports+AF8-productcategories+AF8-data+AF8-with+AF8-ts,icebase.sportsproducts.sports+AF8-salesterritories+AF8-data+AF8-with+AF8-ts+ACI-,+ACI-+AHs-associated+AF8-dataset:icebase.sportsproducts.sports+AF8-productsubcategories+AF8-data+AF8-with+AF8-ts,query+AF8-count:279,last+AF8-queried+AF8-at:2022+AC0-05+AC0-08 23:58:29.210 UTC+AH0-+ACI-
2022+AC0-05+AC0-08,icebase,sportsproducts,sports+AF8-products+AF8-data+AF8-with+AF8-ts,icebase.sportsproducts.sports+AF8-productcategories+AF8-data+AF8-with+AF8-ts,+ACI-icebase.sportsproducts.sports+AF8-transactions+AF8-data+AF8-with+AF8-ts,icebase.sportsproducts.sports+AF8-customers+AF8-data+AF8-with+AF8-ts,icebase.sportsproducts.sports+AF8-products+AF8-data+AF8-with+AF8-ts,icebase.sportsproducts.sports+AF8-returns+AF8-data+AF8-with+AF8-ts,icebase.sportsproducts.sports+AF8-productsubcategories+AF8-data+AF8-with+AF8-ts,icebase.sportsproducts.sports+AF8-productcategories+AF8-data+AF8-with+AF8-ts,icebase.sportsproducts.sports+AF8-salesterritories+AF8-data+AF8-with+AF8-ts+ACI-,+ACI-+AHs-associated+AF8-dataset:icebase.sportsproducts.sports+AF8-productcategories+AF8-data+AF8-with+AF8-ts,query+AF8-count:279,last+AF8-queried+AF8-at:2022+AC0-05+AC0-08 23:58:29.210 UTC+AH0-+ACI-
2022+AC0-05+AC0-08,icebase,sportsproducts,sports+AF8-returns+AF8-data+AF8-with+AF8-ts,icebase.sportsproducts.sports+AF8-productsubcategories+AF8-data+AF8-with+AF8-ts,+ACI-icebase.sportsproducts.sports+AF8-transactions+AF8-data+AF8-with+AF8-ts,icebase.sportsproducts.sports+AF8-customers+AF8-data+AF8-with+AF8-ts,icebase.sportsproducts.sports+AF8-products+AF8-data+AF8-with+AF8-ts,icebase.sportsproducts.sports+AF8-returns+AF8-data+AF8-with+AF8-ts,icebase.sportsproducts.sports+AF8-productsubcategories+AF8-data+AF8-with+AF8-ts,icebase.sportsproducts.sports+AF8-productcategories+AF8-data+AF8-with+AF8-ts,icebase.sportsproducts.sports+AF8-salesterritories+AF8-data+AF8-with+AF8-ts+ACI-,+ACI-+AHs-associated+AF8-dataset:icebase.sportsproducts.sports+AF8-productsubcategories+AF8-data+AF8-with+AF8-ts,query+AF8-count:279,last+AF8-queried+AF8-at:2022+AC0-05+AC0-08 23:58:29.210 UTC+AH0-+ACI-
2022+AC0-05+AC0-08,icebase,sportsproducts,sports+AF8-customers+AF8-data+AF8-with+AF8-ts,icebase.sportsproducts.sports+AF8-returns+AF8-data+AF8-with+AF8-ts,+ACI-icebase.sportsproducts.sports+AF8-transactions+AF8-data+AF8-with+AF8-ts,icebase.sportsproducts.sports+AF8-customers+AF8-data+AF8-with+AF8-ts,icebase.sportsproducts.sports+AF8-products+AF8-data+AF8-with+AF8-ts,icebase.sportsproducts.sports+AF8-returns+AF8-data+AF8-with+AF8-ts,icebase.sportsproducts.sports+AF8-productsubcategories+AF8-data+AF8-with+AF8-ts,icebase.sportsproducts.sports+AF8-productcategories+AF8-data+AF8-with+AF8-ts,icebase.sportsproducts.sports+AF8-salesterritories+AF8-data+AF8-with+AF8-ts+ACI-,+ACI-+AHs-associated+AF8-dataset:icebase.sportsproducts.sports+AF8-returns+AF8-data+AF8-with+AF8-ts,query+AF8-count:279,last+AF8-queried+AF8-at:2022+AC0-05+AC0-08 23:58:29.210 UTC+AH0-+ACI-
2022+AC0-05+AC0-08,icebase,sportsproducts,sports+AF8-products+AF8-data+AF8-with+AF8-ts,icebase.sportsproducts.sports+AF8-productsubcategories+AF8-data+AF8-with+AF8-ts,+ACI-icebase.sportsproducts.sports+AF8-transactions+AF8-data+AF8-with+AF8-ts,icebase.sportsproducts.sports+AF8-customers+AF8-data+AF8-with+AF8-ts,icebase.sportsproducts.sports+AF8-products+AF8-data+AF8-with+AF8-ts,icebase.sportsproducts.sports+AF8-returns+AF8-data+AF8-with+AF8-ts,icebase.sportsproducts.sports+AF8-productsubcategories+AF8-data+AF8-with+AF8-ts,icebase.sportsproducts.sports+AF8-productcategories+AF8-data+AF8-with+AF8-ts,icebase.sportsproducts.sports+AF8-salesterritories+AF8-data+AF8-with+AF8-ts+ACI-,+ACI-+AHs-associated+AF8-dataset:icebase.sportsproducts.sports+AF8-productsubcategories+AF8-data+AF8-with+AF8-ts,query+AF8-count:279,last+AF8-queried+AF8-at:2022+AC0-05+AC0-08 23:58:29.210 UTC+AH0-+ACI-
2022+AC0-05+AC0-08,icebase,sportsproducts,sports+AF8-transactions+AF8-data+AF8-with+AF8-ts,icebase.sportsproducts.sports+AF8-returns+AF8-data+AF8-with+AF8-ts,+ACI-icebase.sportsproducts.sports+AF8-transactions+AF8-data+AF8-with+AF8-ts,icebase.sportsproducts.sports+AF8-customers+AF8-data+AF8-with+AF8-ts,icebase.sportsproducts.sports+AF8-products+AF8-data+AF8-with+AF8-ts,icebase.sportsproducts.sports+AF8-returns+AF8-data+AF8-with+AF8-ts,icebase.sportsproducts.sports+AF8-productsubcategories+AF8-data+AF8-with+AF8-ts,icebase.sportsproducts.sports+AF8-productcategories+AF8-data+AF8-with+AF8-ts,icebase.sportsproducts.sports+AF8-salesterritories+AF8-data+AF8-with+AF8-ts+ACI-,+ACI-+AHs-associated+AF8-dataset:icebase.sportsproducts.sports+AF8-returns+AF8-data+AF8-with+AF8-ts,query+AF8-count:279,last+AF8-queried+AF8-at:2022+AC0-05+AC0-08 23:58:29.210 UTC+AH0-+ACI-
2022+AC0-05+AC0-07,icebase,sportsproducts,sports+AF8-transactions+AF8-data+AF8-with+AF8-ts,icebase.sportsproducts.sports+AF8-transactions+AF8-data+AF8-with+AF8-ts,+ACI-icebase.sportsproducts.sports+AF8-transactions+AF8-data+AF8-with+AF8-ts,icebase.sportsproducts.sports+AF8-customers+AF8-data+AF8-with+AF8-ts,icebase.sportsproducts.sports+AF8-products+AF8-data+AF8-with+AF8-ts,icebase.sportsproducts.sports+AF8-returns+AF8-data+AF8-with+AF8-ts,icebase.sportsproducts.sports+AF8-productsubcategories+AF8-data+AF8-with+AF8-ts,icebase.sportsproducts.sports+AF8-productcategories+AF8-data+AF8-with+AF8-ts,icebase.sportsproducts.sports+AF8-salesterritories+AF8-data+AF8-with+AF8-ts+ACI-,+ACI-+AHs-associated+AF8-dataset:icebase.sportsproducts.sports+AF8-transactions+AF8-data+AF8-with+AF8-ts,query+AF8-count:279,last+AF8-queried+AF8-at:2022+AC0-05+AC0-07 23:55:54.678 UTC+AH0-+ACI-
2022+AC0-05+AC0-07,icebase,sportsproducts,sports+AF8-productcategories+AF8-data+AF8-with+AF8-ts,icebase.sportsproducts.sports+AF8-products+AF8-data+AF8-with+AF8-ts,+ACI-icebase.sportsproducts.sports+AF8-transactions+AF8-data+AF8-with+AF8-ts,icebase.sportsproducts.sports+AF8-customers+AF8-data+AF8-with+AF8-ts,icebase.sportsproducts.sports+AF8-products+AF8-data+AF8-with+AF8-ts,icebase.sportsproducts.sports+AF8-returns+AF8-data+AF8-with+AF8-ts,icebase.sportsproducts.sports+AF8-productsubcategories+AF8-data+AF8-with+AF8-ts,icebase.sportsproducts.sports+AF8-productcategories+AF8-data+AF8-with+AF8-ts,icebase.sportsproducts.sports+AF8-salesterritories+AF8-data+AF8-with+AF8-ts+ACI-,+ACI-+AHs-associated+AF8-dataset:icebase.sportsproducts.sports+AF8-products+AF8-data+AF8-with+AF8-ts,query+AF8-count:279,last+AF8-queried+AF8-at:2022+AC0-05+AC0-07 23:55:54.678 UTC+AH0-+ACI-
2022+AC0-05+AC0-06,icebase,sportsproducts,sports+AF8-productsubcategories+AF8-data+AF8-with+AF8-ts,icebase.sportsproducts.sports+AF8-returns+AF8-data+AF8-with+AF8-ts,+ACI-icebase.sportsproducts.sports+AF8-transactions+AF8-data+AF8-with+AF8-ts,icebase.sportsproducts.sports+AF8-customers+AF8-data+AF8-with+AF8-ts,icebase.sportsproducts.sports+AF8-products+AF8-data+AF8-with+AF8-ts,icebase.sportsproducts.sports+AF8-returns+AF8-data+AF8-with+AF8-ts,icebase.sportsproducts.sports+AF8-productsubcategories+AF8-data+AF8-with+AF8-ts,icebase.sportsproducts.sports+AF8-productcategories+AF8-data+AF8-with+AF8-ts,icebase.sportsproducts.sports+AF8-salesterritories+AF8-data+AF8-with+AF8-ts+ACI-,+ACI-+AHs-associated+AF8-dataset:icebase.sportsproducts.sports+AF8-returns+AF8-data+AF8-with+AF8-ts,query+AF8-count:276,last+AF8-queried+AF8-at:2022+AC0-05+AC0-06 23:56:45.829 UTC+AH0-+ACI-
2022+AC0-05+AC0-05,icebase,sportsproducts,sports+AF8-products+AF8-data+AF8-with+AF8-ts,icebase.sportsproducts.sports+AF8-products+AF8-data+AF8-with+AF8-ts,+ACI-icebase.sportsproducts.sports+AF8-transactions+AF8-data+AF8-with+AF8-ts,icebase.sportsproducts.sports+AF8-customers+AF8-data+AF8-with+AF8-ts,icebase.sportsproducts.sports+AF8-products+AF8-data+AF8-with+AF8-ts,icebase.sportsproducts.sports+AF8-returns+AF8-data+AF8-with+AF8-ts,icebase.sportsproducts.sports+AF8-productsubcategories+AF8-data+AF8-with+AF8-ts,icebase.sportsproducts.sports+AF8-productcategories+AF8-data+AF8-with+AF8-ts,icebase.sportsproducts.sports+AF8-salesterritories+AF8-data+AF8-with+AF8-ts+ACI-,+ACI-+AHs-associated+AF8-dataset:icebase.sportsproducts.sports+AF8-products+AF8-data+AF8-with+AF8-ts,query+AF8-count:278,last+AF8-queried+AF8-at:2022+AC0-05+AC0-05 23:58:36.938 UTC+AH0-+ACI-
2022+AC0-05+AC0-05,icebase,sportsproducts,sports+AF8-salesterritories+AF8-data+AF8-with+AF8-ts,icebase.sportsproducts.sports+AF8-products+AF8-data+AF8-with+AF8-ts,+ACI-icebase.sportsproducts.sports+AF8-transactions+AF8-data+AF8-with+AF8-ts,icebase.sportsproducts.sports+AF8-customers+AF8-data+AF8-with+AF8-ts,icebase.sportsproducts.sports+AF8-products+AF8-data+AF8-with+AF8-ts,icebase.sportsproducts.sports+AF8-returns+AF8-data+AF8-with+AF8-ts,icebase.sportsproducts.sports+AF8-productsubcategories+AF8-data+AF8-with+AF8-ts,icebase.sportsproducts.sports+AF8-productcategories+AF8-data+AF8-with+AF8-ts,icebase.sportsproducts.sports+AF8-salesterritories+AF8-data+AF8-with+AF8-ts+ACI-,+ACI-+AHs-associated+AF8-dataset:icebase.sportsproducts.sports+AF8-products+AF8-data+AF8-with+AF8-ts,query+AF8-count:278,last+AF8-queried+AF8-at:2022+AC0-05+AC0-05 23:58:36.938 UTC+AH0-+ACI-
2022+AC0-05+AC0-04,icebase,sportsproducts,sports+AF8-transactions+AF8-data+AF8-with+AF8-ts,icebase.sportsproducts.sports+AF8-productsubcategories+AF8-data+AF8-with+AF8-ts,+ACI-icebase.sportsproducts.sports+AF8-transactions+AF8-data+AF8-with+AF8-ts,icebase.sportsproducts.sports+AF8-customers+AF8-data+AF8-with+AF8-ts,icebase.sportsproducts.sports+AF8-products+AF8-data+AF8-with+AF8-ts,icebase.sportsproducts.sports+AF8-returns+AF8-data+AF8-with+AF8-ts,icebase.sportsproducts.sports+AF8-productsubcategories+AF8-data+AF8-with+AF8-ts,icebase.sportsproducts.sports+AF8-productcategories+AF8-data+AF8-with+AF8-ts,icebase.sportsproducts.sports+AF8-salesterritories+AF8-data+AF8-with+AF8-ts+ACI-,+ACI-+AHs-associated+AF8-dataset:icebase.sportsproducts.sports+AF8-productsubcategories+AF8-data+AF8-with+AF8-ts,query+AF8-count:280,last+AF8-queried+AF8-at:2022+AC0-05+AC0-04 23:55:28.381 UTC+AH0-+ACI-
2022+AC0-05+AC0-04,icebase,sportsproducts,sports+AF8-productsubcategories+AF8-data+AF8-with+AF8-ts,icebase.sportsproducts.sports+AF8-productcategories+AF8-data+AF8-with+AF8-ts,+ACI-icebase.sportsproducts.sports+AF8-transactions+AF8-data+AF8-with+AF8-ts,icebase.sportsproducts.sports+AF8-customers+AF8-data+AF8-with+AF8-ts,icebase.sportsproducts.sports+AF8-products+AF8-data+AF8-with+AF8-ts,icebase.sportsproducts.sports+AF8-returns+AF8-data+AF8-with+AF8-ts,icebase.sportsproducts.sports+AF8-productsubcategories+AF8-data+AF8-with+AF8-ts,icebase.sportsproducts.sports+AF8-productcategories+AF8-data+AF8-with+AF8-ts,icebase.sportsproducts.sports+AF8-salesterritories+AF8-data+AF8-with+AF8-ts+ACI-,+ACI-+AHs-associated+AF8-dataset:icebase.sportsproducts.sports+AF8-productcategories+AF8-data+AF8-with+AF8-ts,query+AF8-count:280,last+AF8-queried+AF8-at:2022+AC0-05+AC0-04 23:55:28.381 UTC+AH0-+ACI-
2022+AC0-05+AC0-04,icebase,sportsproducts,sports+AF8-productcategories+AF8-data+AF8-with+AF8-ts,icebase.sportsproducts.sports+AF8-customers+AF8-data+AF8-with+AF8-ts,+ACI-icebase.sportsproducts.sports+AF8-transactions+AF8-data+AF8-with+AF8-ts,icebase.sportsproducts.sports+AF8-customers+AF8-data+AF8-with+AF8-ts,icebase.sportsproducts.sports+AF8-products+AF8-data+AF8-with+AF8-ts,icebase.sportsproducts.sports+AF8-returns+AF8-data+AF8-with+AF8-ts,icebase.sportsproducts.sports+AF8-productsubcategories+AF8-data+AF8-with+AF8-ts,icebase.sportsproducts.sports+AF8-productcategories+AF8-data+AF8-with+AF8-ts,icebase.sportsproducts.sports+AF8-salesterritories+AF8-data+AF8-with+AF8-ts+ACI-,+ACI-+AHs-associated+AF8-dataset:icebase.sportsproducts.sports+AF8-customers+AF8-data+AF8-with+AF8-ts,query+AF8-count:280,last+AF8-queried+AF8-at:2022+AC0-05+AC0-04 23:55:28.381 UTC+AH0-+ACI-
2022+AC0-05+AC0-04,icebase,sportsproducts,sports+AF8-customers+AF8-data+AF8-with+AF8-ts,icebase.sportsproducts.sports+AF8-productcategories+AF8-data+AF8-with+AF8-ts,+ACI-icebase.sportsproducts.sports+AF8-transactions+AF8-data+AF8-with+AF8-ts,icebase.sportsproducts.sports+AF8-customers+AF8-data+AF8-with+AF8-ts,icebase.sportsproducts.sports+AF8-products+AF8-data+AF8-with+AF8-ts,icebase.sportsproducts.sports+AF8-returns+AF8-data+AF8-with+AF8-ts,icebase.sportsproducts.sports+AF8-productsubcategories+AF8-data+AF8-with+AF8-ts,icebase.sportsproducts.sports+AF8-productcategories+AF8-data+AF8-with+AF8-ts,icebase.sportsproducts.sports+AF8-salesterritories+AF8-data+AF8-with+AF8-ts+ACI-,+ACI-+AHs-associated+AF8-dataset:icebase.sportsproducts.sports+AF8-productcategories+AF8-data+AF8-with+AF8-ts,query+AF8-count:280,last+AF8-queried+AF8-at:2022+AC0-05+AC0-04 23:55:28.381 UTC+AH0-+ACI-
2022+AC0-05+AC0-04,icebase,sportsproducts,sports+AF8-salesterritories+AF8-data+AF8-with+AF8-ts,icebase.sportsproducts.sports+AF8-productcategories+AF8-data+AF8-with+AF8-ts,+ACI-icebase.sportsproducts.sports+AF8-transactions+AF8-data+AF8-with+AF8-ts,icebase.sportsproducts.sports+AF8-customers+AF8-data+AF8-with+AF8-ts,icebase.sportsproducts.sports+AF8-products+AF8-data+AF8-with+AF8-ts,icebase.sportsproducts.sports+AF8-returns+AF8-data+AF8-with+AF8-ts,icebase.sportsproducts.sports+AF8-productsubcategories+AF8-data+AF8-with+AF8-ts,icebase.sportsproducts.sports+AF8-productcategories+AF8-data+AF8-with+AF8-ts,icebase.sportsproducts.sports+AF8-salesterritories+AF8-data+AF8-with+AF8-ts+ACI-,+ACI-+AHs-associated+AF8-dataset:icebase.sportsproducts.sports+AF8-productcategories+AF8-data+AF8-with+AF8-ts,query+AF8-count:280,last+AF8-queried+AF8-at:2022+AC0-05+AC0-04 23:55:28.381 UTC+AH0-+ACI-
2022+AC0-05+AC0-03,icebase,sportsproducts,sports+AF8-products+AF8-data+AF8-with+AF8-ts,icebase.sportsproducts.sports+AF8-returns+AF8-data+AF8-with+AF8-ts,+ACI-icebase.sportsproducts.sports+AF8-transactions+AF8-data+AF8-with+AF8-ts,icebase.sportsproducts.sports+AF8-customers+AF8-data+AF8-with+AF8-ts,icebase.sportsproducts.sports+AF8-products+AF8-data+AF8-with+AF8-ts,icebase.sportsproducts.sports+AF8-returns+AF8-data+AF8-with+AF8-ts,icebase.sportsproducts.sports+AF8-productsubcategories+AF8-data+AF8-with+AF8-ts,icebase.sportsproducts.sports+AF8-productcategories+AF8-data+AF8-with+AF8-ts,icebase.sportsproducts.sports+AF8-salesterritories+AF8-data+AF8-with+AF8-ts+ACI-,+ACI-+AHs-associated+AF8-dataset:icebase.sportsproducts.sports+AF8-returns+AF8-data+AF8-with+AF8-ts,query+AF8-count:279,last+AF8-queried+AF8-at:2022+AC0-05+AC0-03 23:58:19.493 UTC+AH0-+ACI-
2022+AC0-05+AC0-03,icebase,sportsproducts,sports+AF8-productsubcategories+AF8-data+AF8-with+AF8-ts,icebase.sportsproducts.sports+AF8-customers+AF8-data+AF8-with+AF8-ts,+ACI-icebase.sportsproducts.sports+AF8-transactions+AF8-data+AF8-with+AF8-ts,icebase.sportsproducts.sports+AF8-customers+AF8-data+AF8-with+AF8-ts,icebase.sportsproducts.sports+AF8-products+AF8-data+AF8-with+AF8-ts,icebase.sportsproducts.sports+AF8-returns+AF8-data+AF8-with+AF8-ts,icebase.sportsproducts.sports+AF8-productsubcategories+AF8-data+AF8-with+AF8-ts,icebase.sportsproducts.sports+AF8-productcategories+AF8-data+AF8-with+AF8-ts,icebase.sportsproducts.sports+AF8-salesterritories+AF8-data+AF8-with+AF8-ts+ACI-,+ACI-+AHs-associated+AF8-dataset:icebase.sportsproducts.sports+AF8-customers+AF8-data+AF8-with+AF8-ts,query+AF8-count:279,last+AF8-queried+AF8-at:2022+AC0-05+AC0-03 23:58:19.493 UTC+AH0-+ACI-
2022+AC0-05+AC0-03,icebase,sportsproducts,sports+AF8-transactions+AF8-data+AF8-with+AF8-ts,icebase.sportsproducts.sports+AF8-transactions+AF8-data+AF8-with+AF8-ts,+ACI-icebase.sportsproducts.sports+AF8-transactions+AF8-data+AF8-with+AF8-ts,icebase.sportsproducts.sports+AF8-customers+AF8-data+AF8-with+AF8-ts,icebase.sportsproducts.sports+AF8-products+AF8-data+AF8-with+AF8-ts,icebase.sportsproducts.sports+AF8-returns+AF8-data+AF8-with+AF8-ts,icebase.sportsproducts.sports+AF8-productsubcategories+AF8-data+AF8-with+AF8-ts,icebase.sportsproducts.sports+AF8-productcategories+AF8-data+AF8-with+AF8-ts,icebase.sportsproducts.sports+AF8-salesterritories+AF8-data+AF8-with+AF8-ts+ACI-,+ACI-+AHs-associated+AF8-dataset:icebase.sportsproducts.sports+AF8-transactions+AF8-data+AF8-with+AF8-ts,query+AF8-count:279,last+AF8-queried+AF8-at:2022+AC0-05+AC0-03 23:58:19.493 UTC+AH0-+ACI-
2022+AC0-05+AC0-03,icebase,sportsproducts,sports+AF8-returns+AF8-data+AF8-with+AF8-ts,icebase.sportsproducts.sports+AF8-transactions+AF8-data+AF8-with+AF8-ts,+ACI-icebase.sportsproducts.sports+AF8-transactions+AF8-data+AF8-with+AF8-ts,icebase.sportsproducts.sports+AF8-customers+AF8-data+AF8-with+AF8-ts,icebase.sportsproducts.sports+AF8-products+AF8-data+AF8-with+AF8-ts,icebase.sportsproducts.sports+AF8-returns+AF8-data+AF8-with+AF8-ts,icebase.sportsproducts.sports+AF8-productsubcategories+AF8-data+AF8-with+AF8-ts,icebase.sportsproducts.sports+AF8-productcategories+AF8-data+AF8-with+AF8-ts,icebase.sportsproducts.sports+AF8-salesterritories+AF8-data+AF8-with+AF8-ts+ACI-,+ACI-+AHs-associated+AF8-dataset:icebase.sportsproducts.sports+AF8-transactions+AF8-data+AF8-with+AF8-ts,query+AF8-count:279,last+AF8-queried+AF8-at:2022+AC0-05+AC0-03 23:58:19.493 UTC+AH0-+ACI-
2022+AC0-05+AC0-03,icebase,sportsproducts,sports+AF8-productsubcategories+AF8-data+AF8-with+AF8-ts,icebase.sportsproducts.sports+AF8-salesterritories+AF8-data+AF8-with+AF8-ts,+ACI-icebase.sportsproducts.sports+AF8-transactions+AF8-data+AF8-with+AF8-ts,icebase.sportsproducts.sports+AF8-customers+AF8-data+AF8-with+AF8-ts,icebase.sportsproducts.sports+AF8-products+AF8-data+AF8-with+AF8-ts,icebase.sportsproducts.sports+AF8-returns+AF8-data+AF8-with+AF8-ts,icebase.sportsproducts.sports+AF8-productsubcategories+AF8-data+AF8-with+AF8-ts,icebase.sportsproducts.sports+AF8-productcategories+AF8-data+AF8-with+AF8-ts,icebase.sportsproducts.sports+AF8-salesterritories+AF8-data+AF8-with+AF8-ts+ACI-,+ACI-+AHs-associated+AF8-dataset:icebase.sportsproducts.sports+AF8-salesterritories+AF8-data+AF8-with+AF8-ts,query+AF8-count:279,last+AF8-queried+AF8-at:2022+AC0-05+AC0-03 23:58:19.493 UTC+AH0-+ACI-
2022+AC0-05+AC0-03,icebase,sportsproducts,sports+AF8-productcategories+AF8-data+AF8-with+AF8-ts,icebase.sportsproducts.sports+AF8-transactions+AF8-data+AF8-with+AF8-ts,+ACI-icebase.sportsproducts.sports+AF8-transactions+AF8-data+AF8-with+AF8-ts,icebase.sportsproducts.sports+AF8-customers+AF8-data+AF8-with+AF8-ts,icebase.sportsproducts.sports+AF8-products+AF8-data+AF8-with+AF8-ts,icebase.sportsproducts.sports+AF8-returns+AF8-data+AF8-with+AF8-ts,icebase.sportsproducts.sports+AF8-productsubcategories+AF8-data+AF8-with+AF8-ts,icebase.sportsproducts.sports+AF8-productcategories+AF8-data+AF8-with+AF8-ts,icebase.sportsproducts.sports+AF8-salesterritories+AF8-data+AF8-with+AF8-ts+ACI-,+ACI-+AHs-associated+AF8-dataset:icebase.sportsproducts.sports+AF8-transactions+AF8-data+AF8-with+AF8-ts,query+AF8-count:279,last+AF8-queried+AF8-at:2022+AC0-05+AC0-03 23:58:19.493 UTC+AH0-+ACI-
2022+AC0-05+AC0-03,icebase,sportsproducts,sports+AF8-productcategories+AF8-data+AF8-with+AF8-ts,icebase.sportsproducts.sports+AF8-products+AF8-data+AF8-with+AF8-ts,+ACI-icebase.sportsproducts.sports+AF8-transactions+AF8-data+AF8-with+AF8-ts,icebase.sportsproducts.sports+AF8-customers+AF8-data+AF8-with+AF8-ts,icebase.sportsproducts.sports+AF8-products+AF8-data+AF8-with+AF8-ts,icebase.sportsproducts.sports+AF8-returns+AF8-data+AF8-with+AF8-ts,icebase.sportsproducts.sports+AF8-productsubcategories+AF8-data+AF8-with+AF8-ts,icebase.sportsproducts.sports+AF8-productcategories+AF8-data+AF8-with+AF8-ts,icebase.sportsproducts.sports+AF8-salesterritories+AF8-data+AF8-with+AF8-ts+ACI-,+ACI-+AHs-associated+AF8-dataset:icebase.sportsproducts.sports+AF8-products+AF8-data+AF8-with+AF8-ts,query+AF8-count:279,last+AF8-queried+AF8-at:2022+AC0-05+AC0-03 23:58:19.493 UTC+AH0-+ACI-
2022+AC0-05+AC0-03,icebase,sportsproducts,sports+AF8-productsubcategories+AF8-data+AF8-with+AF8-ts,icebase.sportsproducts.sports+AF8-transactions+AF8-data+AF8-with+AF8-ts,+ACI-icebase.sportsproducts.sports+AF8-transactions+AF8-data+AF8-with+AF8-ts,icebase.sportsproducts.sports+AF8-customers+AF8-data+AF8-with+AF8-ts,icebase.sportsproducts.sports+AF8-products+AF8-data+AF8-with+AF8-ts,icebase.sportsproducts.sports+AF8-returns+AF8-data+AF8-with+AF8-ts,icebase.sportsproducts.sports+AF8-productsubcategories+AF8-data+AF8-with+AF8-ts,icebase.sportsproducts.sports+AF8-productcategories+AF8-data+AF8-with+AF8-ts,icebase.sportsproducts.sports+AF8-salesterritories+AF8-data+AF8-with+AF8-ts+ACI-,+ACI-+AHs-associated+AF8-dataset:icebase.sportsproducts.sports+AF8-transactions+AF8-data+AF8-with+AF8-ts,query+AF8-count:279,last+AF8-queried+AF8-at:2022+AC0-05+AC0-03 23:58:19.493 UTC+AH0-+ACI-
2022+AC0-05+AC0-02,icebase,sportsproducts,sports+AF8-returns+AF8-data+AF8-with+AF8-ts,icebase.sportsproducts.sports+AF8-salesterritories+AF8-data+AF8-with+AF8-ts,+ACI-icebase.sportsproducts.sports+AF8-transactions+AF8-data+AF8-with+AF8-ts,icebase.sportsproducts.sports+AF8-customers+AF8-data+AF8-with+AF8-ts,icebase.sportsproducts.sports+AF8-products+AF8-data+AF8-with+AF8-ts,icebase.sportsproducts.sports+AF8-returns+AF8-data+AF8-with+AF8-ts,icebase.sportsproducts.sports+AF8-productsubcategories+AF8-data+AF8-with+AF8-ts,icebase.sportsproducts.sports+AF8-productcategories+AF8-data+AF8-with+AF8-ts,icebase.sportsproducts.sports+AF8-salesterritories+AF8-data+AF8-with+AF8-ts+ACI-,+ACI-+AHs-associated+AF8-dataset:icebase.sportsproducts.sports+AF8-salesterritories+AF8-data+AF8-with+AF8-ts,query+AF8-count:274,last+AF8-queried+AF8-at:2022+AC0-05+AC0-02 23:55:11.460 UTC+AH0-+ACI-
2022+AC0-05+AC0-02,icebase,sportsproducts,sports+AF8-customers+AF8-data+AF8-with+AF8-ts,icebase.sportsproducts.sports+AF8-customers+AF8-data+AF8-with+AF8-ts,+ACI-icebase.sportsproducts.sports+AF8-transactions+AF8-data+AF8-with+AF8-ts,icebase.sportsproducts.sports+AF8-customers+AF8-data+AF8-with+AF8-ts,icebase.sportsproducts.sports+AF8-products+AF8-data+AF8-with+AF8-ts,icebase.sportsproducts.sports+AF8-returns+AF8-data+AF8-with+AF8-ts,icebase.sportsproducts.sports+AF8-productsubcategories+AF8-data+AF8-with+AF8-ts,icebase.sportsproducts.sports+AF8-productcategories+AF8-data+AF8-with+AF8-ts,icebase.sportsproducts.sports+AF8-salesterritories+AF8-data+AF8-with+AF8-ts+ACI-,+ACI-+AHs-associated+AF8-dataset:icebase.sportsproducts.sports+AF8-customers+AF8-data+AF8-with+AF8-ts,query+AF8-count:274,last+AF8-queried+AF8-at:2022+AC0-05+AC0-02 23:55:11.460 UTC+AH0-+ACI-
2022+AC0-05+AC0-01,icebase,sportsproducts,sports+AF8-products+AF8-data+AF8-with+AF8-ts,icebase.sportsproducts.sports+AF8-salesterritories+AF8-data+AF8-with+AF8-ts,+ACI-icebase.sportsproducts.sports+AF8-transactions+AF8-data+AF8-with+AF8-ts,icebase.sportsproducts.sports+AF8-customers+AF8-data+AF8-with+AF8-ts,icebase.sportsproducts.sports+AF8-products+AF8-data+AF8-with+AF8-ts,icebase.sportsproducts.sports+AF8-returns+AF8-data+AF8-with+AF8-ts,icebase.sportsproducts.sports+AF8-productsubcategories+AF8-data+AF8-with+AF8-ts,icebase.sportsproducts.sports+AF8-productcategories+AF8-data+AF8-with+AF8-ts,icebase.sportsproducts.sports+AF8-salesterritories+AF8-data+AF8-with+AF8-ts+ACI-,+ACI-+AHs-associated+AF8-dataset:icebase.sportsproducts.sports+AF8-salesterritories+AF8-data+AF8-with+AF8-ts,query+AF8-count:269,last+AF8-queried+AF8-at:2022+AC0-05+AC0-01 23:55:03.079 UTC+AH0-+ACI-
2022+AC0-05+AC0-01,icebase,sportsproducts,sports+AF8-productcategories+AF8-data+AF8-with+AF8-ts,icebase.sportsproducts.sports+AF8-customers+AF8-data+AF8-with+AF8-ts,+ACI-icebase.sportsproducts.sports+AF8-transactions+AF8-data+AF8-with+AF8-ts,icebase.sportsproducts.sports+AF8-customers+AF8-data+AF8-with+AF8-ts,icebase.sportsproducts.sports+AF8-products+AF8-data+AF8-with+AF8-ts,icebase.sportsproducts.sports+AF8-returns+AF8-data+AF8-with+AF8-ts,icebase.sportsproducts.sports+AF8-productsubcategories+AF8-data+AF8-with+AF8-ts,icebase.sportsproducts.sports+AF8-productcategories+AF8-data+AF8-with+AF8-ts,icebase.sportsproducts.sports+AF8-salesterritories+AF8-data+AF8-with+AF8-ts+ACI-,+ACI-+AHs-associated+AF8-dataset:icebase.sportsproducts.sports+AF8-customers+AF8-data+AF8-with+AF8-ts,query+AF8-count:269,last+AF8-queried+AF8-at:2022+AC0-05+AC0-01 23:55:03.079 UTC+AH0-+ACI-
2022+AC0-05+AC0-01,icebase,sportsproducts,sports+AF8-products+AF8-data+AF8-with+AF8-ts,icebase.sportsproducts.sports+AF8-products+AF8-data+AF8-with+AF8-ts,+ACI-icebase.sportsproducts.sports+AF8-transactions+AF8-data+AF8-with+AF8-ts,icebase.sportsproducts.sports+AF8-customers+AF8-data+AF8-with+AF8-ts,icebase.sportsproducts.sports+AF8-products+AF8-data+AF8-with+AF8-ts,icebase.sportsproducts.sports+AF8-returns+AF8-data+AF8-with+AF8-ts,icebase.sportsproducts.sports+AF8-productsubcategories+AF8-data+AF8-with+AF8-ts,icebase.sportsproducts.sports+AF8-productcategories+AF8-data+AF8-with+AF8-ts,icebase.sportsproducts.sports+AF8-salesterritories+AF8-data+AF8-with+AF8-ts+ACI-,+ACI-+AHs-associated+AF8-dataset:icebase.sportsproducts.sports+AF8-products+AF8-data+AF8-with+AF8-ts,query+AF8-count:269,last+AF8-queried+AF8-at:2022+AC0-05+AC0-01 23:55:03.079 UTC+AH0-+ACI-
2022+AC0-05+AC0-01,icebase,sportsproducts,sports+AF8-returns+AF8-data+AF8-with+AF8-ts,icebase.sportsproducts.sports+AF8-salesterritories+AF8-data+AF8-with+AF8-ts,+ACI-icebase.sportsproducts.sports+AF8-transactions+AF8-data+AF8-with+AF8-ts,icebase.sportsproducts.sports+AF8-customers+AF8-data+AF8-with+AF8-ts,icebase.sportsproducts.sports+AF8-products+AF8-data+AF8-with+AF8-ts,icebase.sportsproducts.sports+AF8-returns+AF8-data+AF8-with+AF8-ts,icebase.sportsproducts.sports+AF8-productsubcategories+AF8-data+AF8-with+AF8-ts,icebase.sportsproducts.sports+AF8-productcategories+AF8-data+AF8-with+AF8-ts,icebase.sportsproducts.sports+AF8-salesterritories+AF8-data+AF8-with+AF8-ts+ACI-,+ACI-+AHs-associated+AF8-dataset:icebase.sportsproducts.sports+AF8-salesterritories+AF8-data+AF8-with+AF8-ts,query+AF8-count:269,last+AF8-queried+AF8-at:2022+AC0-05+AC0-01 23:55:03.079 UTC+AH0-+ACI-
2022+AC0-05+AC0-01,icebase,sportsproducts,sports+AF8-productsubcategories+AF8-data+AF8-with+AF8-ts,icebase.sportsproducts.sports+AF8-products+AF8-data+AF8-with+AF8-ts,+ACI-icebase.sportsproducts.sports+AF8-transactions+AF8-data+AF8-with+AF8-ts,icebase.sportsproducts.sports+AF8-customers+AF8-data+AF8-with+AF8-ts,icebase.sportsproducts.sports+AF8-products+AF8-data+AF8-with+AF8-ts,icebase.sportsproducts.sports+AF8-returns+AF8-data+AF8-with+AF8-ts,icebase.sportsproducts.sports+AF8-productsubcategories+AF8-data+AF8-with+AF8-ts,icebase.sportsproducts.sports+AF8-productcategories+AF8-data+AF8-with+AF8-ts,icebase.sportsproducts.sports+AF8-salesterritories+AF8-data+AF8-with+AF8-ts+ACI-,+ACI-+AHs-associated+AF8-dataset:icebase.sportsproducts.sports+AF8-products+AF8-data+AF8-with+AF8-ts,query+AF8-count:269,last+AF8-queried+AF8-at:2022+AC0-05+AC0-01 23:55:03.079 UTC+AH0-+ACI-
2022+AC0-05+AC0-01,icebase,sportsproducts,sports+AF8-productcategories+AF8-data+AF8-with+AF8-ts,icebase.sportsproducts.sports+AF8-salesterritories+AF8-data+AF8-with+AF8-ts,+ACI-icebase.sportsproducts.sports+AF8-transactions+AF8-data+AF8-with+AF8-ts,icebase.sportsproducts.sports+AF8-customers+AF8-data+AF8-with+AF8-ts,icebase.sportsproducts.sports+AF8-products+AF8-data+AF8-with+AF8-ts,icebase.sportsproducts.sports+AF8-returns+AF8-data+AF8-with+AF8-ts,icebase.sportsproducts.sports+AF8-productsubcategories+AF8-data+AF8-with+AF8-ts,icebase.sportsproducts.sports+AF8-productcategories+AF8-data+AF8-with+AF8-ts,icebase.sportsproducts.sports+AF8-salesterritories+AF8-data+AF8-with+AF8-ts+ACI-,+ACI-+AHs-associated+AF8-dataset:icebase.sportsproducts.sports+AF8-salesterritories+AF8-data+AF8-with+AF8-ts,query+AF8-count:269,last+AF8-queried+AF8-at:2022+AC0-05+AC0-01 23:55:03.079 UTC+AH0-+ACI-
