date+AF8-user,depot+AF8-user,collection+AF8-user,dataset+AF8-user,users+AF8-user,frequent+AF8-users+AF8-user,user+AF8-info+AF8-user
2022+AC0-05+AC0-18,icebase,sys01,cloudevents,+ACI-+ACIAIg-darpanvyas+ACIAIg-+ACI-,+ACI-+ACIAIg-darpanvyas+ACIAIg-+ACI-,+ACI-+AHs-user:+ACIAIg-darpanvyas+ACIAIg-,last+AF8-queried+AF8-at:2022+AC0-05+AC0-18 06:18:06.633 UTC,query+AF8-count:4,count+AF8-queries+AF8-7+AF8-days:427,count+AF8-queries+AF8-30+AF8-days:4854+AH0-+ACI-
2022+AC0-05+AC0-17,icebase,sportsproducts,sports+AF8-transactions+AF8-data+AF8-with+AF8-ts,+ACI-+ACIAIg-shubhanshujain+ACIAIg-+ACI-,+ACI-+ACIAIg-shubhanshujain+ACIAIg-+ACI-,+ACI-+AHs-user:+ACIAIg-shubhanshujain+ACIAIg-,last+AF8-queried+AF8-at:2022+AC0-05+AC0-17 23:55:06.157 UTC,query+AF8-count:274,count+AF8-queries+AF8-7+AF8-days:1415,count+AF8-queries+AF8-30+AF8-days:1988+AH0-+ACI-
2022+AC0-05+AC0-17,icebase,sportsproducts,sports+AF8-products+AF8-data+AF8-with+AF8-ts,+ACI-+ACIAIg-yogeshkhangode+ACIAIg-+ACI-,+ACI-+ACIAIg-yogeshkhangode+ACIAIg-+ACI-,+ACI-+AHs-user:+ACIAIg-yogeshkhangode+ACIAIg-,last+AF8-queried+AF8-at:2022+AC0-05+AC0-17 18:45:52.816 UTC,query+AF8-count:1,count+AF8-queries+AF8-7+AF8-days:1659,count+AF8-queries+AF8-30+AF8-days:4180+AH0-+ACI-
2022+AC0-05+AC0-17,icebase,sportsproducts,sports+AF8-productsubcategories+AF8-data+AF8-with+AF8-ts,+ACI-+ACIAIg-yogeshkhangode+ACIAIg-+ACI-,+ACI-+ACIAIg-yogeshkhangode+ACIAIg-+ACI-,+ACI-+AHs-user:+ACIAIg-yogeshkhangode+ACIAIg-,last+AF8-queried+AF8-at:2022+AC0-05+AC0-17 18:45:52.816 UTC,query+AF8-count:1,count+AF8-queries+AF8-7+AF8-days:9,count+AF8-queries+AF8-30+AF8-days:998+AH0-+ACI-
2022+AC0-05+AC0-17,icebase,sportsproducts,sports+AF8-productsubcategories+AF8-data+AF8-with+AF8-ts,+ACI-+ACIAIg-shubhanshujain+ACIAIg-+ACI-,+ACI-+ACIAIg-shubhanshujain+ACIAIg-+ACI-,+ACI-+AHs-user:+ACIAIg-shubhanshujain+ACIAIg-,last+AF8-queried+AF8-at:2022+AC0-05+AC0-17 23:55:06.157 UTC,query+AF8-count:274,count+AF8-queries+AF8-7+AF8-days:1927,count+AF8-queries+AF8-30+AF8-days:2228+AH0-+ACI-
2022+AC0-05+AC0-16,icebase,sys01,cloudevents,+ACI-+ACIAIg-darpanvyas+ACIAIg-+ACI-,+ACI-+ACIAIg-darpanvyas+ACIAIg-+ACI-,+ACI-+AHs-user:+ACIAIg-darpanvyas+ACIAIg-,last+AF8-queried+AF8-at:2022+AC0-05+AC0-16 14:09:05.158 UTC,query+AF8-count:24,count+AF8-queries+AF8-7+AF8-days:866,count+AF8-queries+AF8-30+AF8-days:6886+AH0-+ACI-
2022+AC0-05+AC0-16,icebase,sportsproducts,sports+AF8-productsubcategories+AF8-data+AF8-with+AF8-ts,+ACI-+ACIAIg-shubhanshujain+ACIAIg-+ACI-,+ACI-+ACIAIg-shubhanshujain+ACIAIg-+ACI-,+ACI-+AHs-user:+ACIAIg-shubhanshujain+ACIAIg-,last+AF8-queried+AF8-at:2022+AC0-05+AC0-16 23:57:02.953 UTC,query+AF8-count:281,count+AF8-queries+AF8-7+AF8-days:1938,count+AF8-queries+AF8-30+AF8-days:2785+AH0-+ACI-
2022+AC0-05+AC0-16,icebase,sportsproducts,sports+AF8-productcategories+AF8-data+AF8-with+AF8-ts,+ACI-+ACIAIg-yogeshkhangode+ACIAIg-+ACI-,+ACI-+ACIAIg-yogeshkhangode+ACIAIg-+ACI-,+ACI-+AHs-user:+ACIAIg-yogeshkhangode+ACIAIg-,last+AF8-queried+AF8-at:2022+AC0-05+AC0-16 18:45:49.304 UTC,query+AF8-count:1,count+AF8-queries+AF8-7+AF8-days:8,count+AF8-queries+AF8-30+AF8-days:2642+AH0-+ACI-
2022+AC0-05+AC0-16,icebase,sportsproducts,sports+AF8-transactions+AF8-data+AF8-with+AF8-ts,+ACI-+ACIAIg-yogeshkhangode+ACIAIg-+ACI-,+ACI-+ACIAIg-yogeshkhangode+ACIAIg-+ACI-,+ACI-+AHs-user:+ACIAIg-yogeshkhangode+ACIAIg-,last+AF8-queried+AF8-at:2022+AC0-05+AC0-16 18:45:49.304 UTC,query+AF8-count:1,count+AF8-queries+AF8-7+AF8-days:10,count+AF8-queries+AF8-30+AF8-days:5301+AH0-+ACI-
2022+AC0-05+AC0-15,icebase,sportsproducts,sports+AF8-customers+AF8-data+AF8-with+AF8-ts,+ACI-+ACIAIg-shubhanshujain+ACIAIg-+ACI-,+ACI-+ACIAIg-shubhanshujain+ACIAIg-+ACI-,+ACI-+AHs-user:+ACIAIg-shubhanshujain+ACIAIg-,last+AF8-queried+AF8-at:2022+AC0-05+AC0-15 23:55:59.383 UTC,query+AF8-count:277,count+AF8-queries+AF8-7+AF8-days:1742,count+AF8-queries+AF8-30+AF8-days:2604+AH0-+ACI-
2022+AC0-05+AC0-15,icebase,sportsproducts,sports+AF8-salesterritories+AF8-data+AF8-with+AF8-ts,+ACI-+ACIAIg-shubhanshujain+ACIAIg-+ACI-,+ACI-+ACIAIg-shubhanshujain+ACIAIg-+ACI-,+ACI-+AHs-user:+ACIAIg-shubhanshujain+ACIAIg-,last+AF8-queried+AF8-at:2022+AC0-05+AC0-15 23:55:59.383 UTC,query+AF8-count:277,count+AF8-queries+AF8-7+AF8-days:1644,count+AF8-queries+AF8-30+AF8-days:6159+AH0-+ACI-
2022+AC0-05+AC0-15,icebase,sportsproducts,sports+AF8-salesterritories+AF8-data+AF8-with+AF8-ts,+ACI-+ACIAIg-yogeshkhangode+ACIAIg-+ACI-,+ACI-+ACIAIg-yogeshkhangode+ACIAIg-+ACI-,+ACI-+AHs-user:+ACIAIg-yogeshkhangode+ACIAIg-,last+AF8-queried+AF8-at:2022+AC0-05+AC0-15 18:46:45.898 UTC,query+AF8-count:1,count+AF8-queries+AF8-7+AF8-days:7,count+AF8-queries+AF8-30+AF8-days:720+AH0-+ACI-
2022+AC0-05+AC0-14,icebase,sportsproducts,sports+AF8-products+AF8-data+AF8-with+AF8-ts,+ACI-+ACIAIg-shubhanshujain+ACIAIg-+ACI-,+ACI-+ACIAIg-shubhanshujain+ACIAIg-+ACI-,+ACI-+AHs-user:+ACIAIg-shubhanshujain+ACIAIg-,last+AF8-queried+AF8-at:2022+AC0-05+AC0-14 23:56:09.789 UTC,query+AF8-count:282,count+AF8-queries+AF8-7+AF8-days:1113,count+AF8-queries+AF8-30+AF8-days:1113+AH0-+ACI-
2022+AC0-05+AC0-14,icebase,sportsproducts,sports+AF8-transactions+AF8-data+AF8-with+AF8-ts,+ACI-+ACIAIg-shubhanshujain+ACIAIg-+ACI-,+ACI-+ACIAIg-shubhanshujain+ACIAIg-+ACI-,+ACI-+AHs-user:+ACIAIg-shubhanshujain+ACIAIg-,last+AF8-queried+AF8-at:2022+AC0-05+AC0-14 23:56:09.789 UTC,query+AF8-count:282,count+AF8-queries+AF8-7+AF8-days:1381,count+AF8-queries+AF8-30+AF8-days:3464+AH0-+ACI-
2022+AC0-05+AC0-14,icebase,sportsproducts,sports+AF8-customers+AF8-data+AF8-with+AF8-ts,+ACI-+ACIAIg-shubhanshujain+ACIAIg-+ACI-,+ACI-+ACIAIg-shubhanshujain+ACIAIg-+ACI-,+ACI-+AHs-user:+ACIAIg-shubhanshujain+ACIAIg-,last+AF8-queried+AF8-at:2022+AC0-05+AC0-14 23:56:09.789 UTC,query+AF8-count:282,count+AF8-queries+AF8-7+AF8-days:1940,count+AF8-queries+AF8-30+AF8-days:3476+AH0-+ACI-
2022+AC0-05+AC0-14,icebase,sportsproducts,sports+AF8-productcategories+AF8-data+AF8-with+AF8-ts,+ACI-+ACIAIg-yogeshkhangode+ACIAIg-+ACI-,+ACI-+ACIAIg-yogeshkhangode+ACIAIg-+ACI-,+ACI-+AHs-user:+ACIAIg-yogeshkhangode+ACIAIg-,last+AF8-queried+AF8-at:2022+AC0-05+AC0-14 18:45:56.413 UTC,query+AF8-count:1,count+AF8-queries+AF8-7+AF8-days:12,count+AF8-queries+AF8-30+AF8-days:5889+AH0-+ACI-
2022+AC0-05+AC0-14,icebase,sportsproducts,sports+AF8-returns+AF8-data+AF8-with+AF8-ts,+ACI-+ACIAIg-shubhanshujain+ACIAIg-+ACI-,+ACI-+ACIAIg-shubhanshujain+ACIAIg-+ACI-,+ACI-+AHs-user:+ACIAIg-shubhanshujain+ACIAIg-,last+AF8-queried+AF8-at:2022+AC0-05+AC0-14 23:56:09.789 UTC,query+AF8-count:282,count+AF8-queries+AF8-7+AF8-days:1117,count+AF8-queries+AF8-30+AF8-days:1143+AH0-+ACI-
2022+AC0-05+AC0-13,icebase,sportsproducts,sports+AF8-salesterritories+AF8-data+AF8-with+AF8-ts,+ACI-+ACIAIg-shubhanshujain+ACIAIg-+ACI-,+ACI-+ACIAIg-shubhanshujain+ACIAIg-+ACI-,+ACI-+AHs-user:+ACIAIg-shubhanshujain+ACIAIg-,last+AF8-queried+AF8-at:2022+AC0-05+AC0-13 23:56:05.901 UTC,query+AF8-count:279,count+AF8-queries+AF8-7+AF8-days:1122,count+AF8-queries+AF8-30+AF8-days:1149+AH0-+ACI-
2022+AC0-05+AC0-13,icebase,sportsproducts,sports+AF8-returns+AF8-data+AF8-with+AF8-ts,+ACI-+ACIAIg-yogeshkhangode+ACIAIg-+ACI-,+ACI-+ACIAIg-yogeshkhangode+ACIAIg-+ACI-,+ACI-+AHs-user:+ACIAIg-yogeshkhangode+ACIAIg-,last+AF8-queried+AF8-at:2022+AC0-05+AC0-13 18:45:51.950 UTC,query+AF8-count:1,count+AF8-queries+AF8-7+AF8-days:7,count+AF8-queries+AF8-30+AF8-days:1260+AH0-+ACI-
2022+AC0-05+AC0-13,icebase,sportsproducts,sports+AF8-salesterritories+AF8-data+AF8-with+AF8-ts,+ACI-+ACIAIg-yogeshkhangode+ACIAIg-+ACI-,+ACI-+ACIAIg-yogeshkhangode+ACIAIg-+ACI-,+ACI-+AHs-user:+ACIAIg-yogeshkhangode+ACIAIg-,last+AF8-queried+AF8-at:2022+AC0-05+AC0-13 18:45:51.950 UTC,query+AF8-count:1,count+AF8-queries+AF8-7+AF8-days:9,count+AF8-queries+AF8-30+AF8-days:334+AH0-+ACI-
2022+AC0-05+AC0-12,icebase,sportsproducts,sports+AF8-customers+AF8-data+AF8-with+AF8-ts,+ACI-+ACIAIg-yogeshkhangode+ACIAIg-+ACI-,+ACI-+ACIAIg-yogeshkhangode+ACIAIg-+ACI-,+ACI-+AHs-user:+ACIAIg-yogeshkhangode+ACIAIg-,last+AF8-queried+AF8-at:2022+AC0-05+AC0-12 18:45:47.923 UTC,query+AF8-count:1,count+AF8-queries+AF8-7+AF8-days:279,count+AF8-queries+AF8-30+AF8-days:279+AH0-+ACI-
2022+AC0-05+AC0-12,icebase,sportsproducts,sports+AF8-customers+AF8-data+AF8-with+AF8-ts,+ACI-+ACIAIg-shubhanshujain+ACIAIg-+ACI-,+ACI-+ACIAIg-shubhanshujain+ACIAIg-+ACI-,+ACI-+AHs-user:+ACIAIg-shubhanshujain+ACIAIg-,last+AF8-queried+AF8-at:2022+AC0-05+AC0-12 23:57:01.671 UTC,query+AF8-count:276,count+AF8-queries+AF8-7+AF8-days:555,count+AF8-queries+AF8-30+AF8-days:581+AH0-+ACI-
2022+AC0-05+AC0-12,icebase,sportsproducts,sports+AF8-productcategories+AF8-data+AF8-with+AF8-ts,+ACI-+ACIAIg-yogeshkhangode+ACIAIg-+ACI-,+ACI-+ACIAIg-yogeshkhangode+ACIAIg-+ACI-,+ACI-+AHs-user:+ACIAIg-yogeshkhangode+ACIAIg-,last+AF8-queried+AF8-at:2022+AC0-05+AC0-12 18:45:47.923 UTC,query+AF8-count:1,count+AF8-queries+AF8-7+AF8-days:8,count+AF8-queries+AF8-30+AF8-days:4970+AH0-+ACI-
2022+AC0-05+AC0-12,icebase,sportsproducts,sports+AF8-products+AF8-data+AF8-with+AF8-ts,+ACI-+ACIAIg-yogeshkhangode+ACIAIg-+ACI-,+ACI-+ACIAIg-yogeshkhangode+ACIAIg-+ACI-,+ACI-+AHs-user:+ACIAIg-yogeshkhangode+ACIAIg-,last+AF8-queried+AF8-at:2022+AC0-05+AC0-12 18:45:47.923 UTC,query+AF8-count:1,count+AF8-queries+AF8-7+AF8-days:1105,count+AF8-queries+AF8-30+AF8-days:5300+AH0-+ACI-
2022+AC0-05+AC0-11,icebase,sportsproducts,sports+AF8-salesterritories+AF8-data+AF8-with+AF8-ts,+ACI-+ACIAIg-yogeshkhangode+ACIAIg-+ACI-,+ACI-+ACIAIg-yogeshkhangode+ACIAIg-+ACI-,+ACI-+AHs-user:+ACIAIg-yogeshkhangode+ACIAIg-,last+AF8-queried+AF8-at:2022+AC0-05+AC0-11 18:45:37.486 UTC,query+AF8-count:2,count+AF8-queries+AF8-7+AF8-days:903,count+AF8-queries+AF8-30+AF8-days:2016+AH0-+ACI-
2022+AC0-05+AC0-11,icebase,sys01,cloudevents,+ACI-+ACIAIg-rakeshvishvakarma+ACIAIg-+ACI-,+ACI-+ACIAIg-rakeshvishvakarma+ACIAIg-+ACI-,+ACI-+AHs-user:+ACIAIg-rakeshvishvakarma+ACIAIg-,last+AF8-queried+AF8-at:2022+AC0-05+AC0-11 11:16:09.804 UTC,query+AF8-count:3,count+AF8-queries+AF8-7+AF8-days:288,count+AF8-queries+AF8-30+AF8-days:6164+AH0-+ACI-
2022+AC0-05+AC0-11,icebase,sportsproducts,sports+AF8-customers+AF8-data+AF8-with+AF8-ts,+ACI-+ACIAIg-rakeshvishvakarma+ACIAIg-+ACI-,+ACI-+ACIAIg-rakeshvishvakarma+ACIAIg-+ACI-,+ACI-+AHs-user:+ACIAIg-rakeshvishvakarma+ACIAIg-,last+AF8-queried+AF8-at:2022+AC0-05+AC0-11 08:24:07.956 UTC,query+AF8-count:1,count+AF8-queries+AF8-7+AF8-days:13,count+AF8-queries+AF8-30+AF8-days:5050+AH0-+ACI-
2022+AC0-05+AC0-11,icebase,sportsproducts,sports+AF8-productcategories+AF8-data+AF8-with+AF8-ts,+ACI-+ACIAIg-yogeshkhangode+ACIAIg-+ACI-,+ACI-+ACIAIg-yogeshkhangode+ACIAIg-+ACI-,+ACI-+AHs-user:+ACIAIg-yogeshkhangode+ACIAIg-,last+AF8-queried+AF8-at:2022+AC0-05+AC0-11 18:45:37.486 UTC,query+AF8-count:2,count+AF8-queries+AF8-7+AF8-days:8,count+AF8-queries+AF8-30+AF8-days:3172+AH0-+ACI-
2022+AC0-05+AC0-11,icebase,sportsproducts,sports+AF8-productsubcategories+AF8-data+AF8-with+AF8-ts,+ACI-+ACIAIg-yogeshkhangode+ACIAIg-+ACI-,+ACI-+ACIAIg-yogeshkhangode+ACIAIg-+ACI-,+ACI-+AHs-user:+ACIAIg-yogeshkhangode+ACIAIg-,last+AF8-queried+AF8-at:2022+AC0-05+AC0-11 18:45:37.486 UTC,query+AF8-count:2,count+AF8-queries+AF8-7+AF8-days:8,count+AF8-queries+AF8-30+AF8-days:4160+AH0-+ACI-
2022+AC0-05+AC0-11,icebase,sportsproducts,sports+AF8-salesterritories+AF8-data+AF8-with+AF8-ts,+ACI-+ACIAIg-shubhanshujain+ACIAIg-+ACI-,+ACI-+ACIAIg-shubhanshujain+ACIAIg-+ACI-,+ACI-+AHs-user:+ACIAIg-shubhanshujain+ACIAIg-,last+AF8-queried+AF8-at:2022+AC0-05+AC0-11 23:57:51.238 UTC,query+AF8-count:275,count+AF8-queries+AF8-7+AF8-days:281,count+AF8-queries+AF8-30+AF8-days:728+AH0-+ACI-
2022+AC0-05+AC0-10,icebase,sportsproducts,sports+AF8-returns+AF8-data+AF8-with+AF8-ts,+ACI-+ACIAIg-yogeshkhangode+ACIAIg-+ACI-,+ACI-+ACIAIg-yogeshkhangode+ACIAIg-+ACI-,+ACI-+AHs-user:+ACIAIg-yogeshkhangode+ACIAIg-,last+AF8-queried+AF8-at:2022+AC0-05+AC0-10 18:45:33.251 UTC,query+AF8-count:1,count+AF8-queries+AF8-7+AF8-days:9,count+AF8-queries+AF8-30+AF8-days:3259+AH0-+ACI-
2022+AC0-05+AC0-10,icebase,sportsproducts,sports+AF8-transactions+AF8-data+AF8-with+AF8-ts,+ACI-+ACIAIg-yogeshkhangode+ACIAIg-+ACI-,+ACI-+ACIAIg-yogeshkhangode+ACIAIg-+ACI-,+ACI-+AHs-user:+ACIAIg-yogeshkhangode+ACIAIg-,last+AF8-queried+AF8-at:2022+AC0-05+AC0-10 18:45:33.251 UTC,query+AF8-count:1,count+AF8-queries+AF8-7+AF8-days:1102,count+AF8-queries+AF8-30+AF8-days:6159+AH0-+ACI-
2022+AC0-05+AC0-10,icebase,sys01,cloudevents,+ACI-+ACIAIg-shivanair+ACIAIg-+ACI-,+ACI-+ACIAIg-shivanair+ACIAIg-+ACI-,+ACI-+AHs-user:+ACIAIg-shivanair+ACIAIg-,last+AF8-queried+AF8-at:2022+AC0-05+AC0-10 13:28:58.453 UTC,query+AF8-count:1,count+AF8-queries+AF8-7+AF8-days:1448,count+AF8-queries+AF8-30+AF8-days:1753+AH0-+ACI-
2022+AC0-05+AC0-10,icebase,sportsproducts,sports+AF8-products+AF8-data+AF8-with+AF8-ts,+ACI-+ACIAIg-shubhanshujain+ACIAIg-+ACI-,+ACI-+ACIAIg-shubhanshujain+ACIAIg-+ACI-,+ACI-+AHs-user:+ACIAIg-shubhanshujain+ACIAIg-,last+AF8-queried+AF8-at:2022+AC0-05+AC0-10 23:55:47.376 UTC,query+AF8-count:273,count+AF8-queries+AF8-7+AF8-days:1152,count+AF8-queries+AF8-30+AF8-days:1177+AH0-+ACI-
2022+AC0-05+AC0-10,icebase,sportsproducts,sports+AF8-salesterritories+AF8-data+AF8-with+AF8-ts,+ACI-+ACIAIg-yogeshkhangode+ACIAIg-+ACI-,+ACI-+ACIAIg-yogeshkhangode+ACIAIg-+ACI-,+ACI-+AHs-user:+ACIAIg-yogeshkhangode+ACIAIg-,last+AF8-queried+AF8-at:2022+AC0-05+AC0-10 18:45:33.251 UTC,query+AF8-count:1,count+AF8-queries+AF8-7+AF8-days:8,count+AF8-queries+AF8-30+AF8-days:5114+AH0-+ACI-
2022+AC0-05+AC0-10,icebase,sportsproducts,sports+AF8-returns+AF8-data+AF8-with+AF8-ts,+ACI-+ACIAIg-shubhanshujain+ACIAIg-+ACI-,+ACI-+ACIAIg-shubhanshujain+ACIAIg-+ACI-,+ACI-+AHs-user:+ACIAIg-shubhanshujain+ACIAIg-,last+AF8-queried+AF8-at:2022+AC0-05+AC0-10 23:55:47.376 UTC,query+AF8-count:273,count+AF8-queries+AF8-7+AF8-days:827,count+AF8-queries+AF8-30+AF8-days:856+AH0-+ACI-
2022+AC0-05+AC0-09,icebase,sportsproducts,sports+AF8-products+AF8-data+AF8-with+AF8-ts,+ACI-+ACIAIg-shubhanshujain+ACIAIg-+ACI-,+ACI-+ACIAIg-shubhanshujain+ACIAIg-+ACI-,+ACI-+AHs-user:+ACIAIg-shubhanshujain+ACIAIg-,last+AF8-queried+AF8-at:2022+AC0-05+AC0-09 23:54:38.743 UTC,query+AF8-count:270,count+AF8-queries+AF8-7+AF8-days:1669,count+AF8-queries+AF8-30+AF8-days:1696+AH0-+ACI-
2022+AC0-05+AC0-09,icebase,sys01,cloudevents,+ACI-+ACIAIg-darpanvyas+ACIAIg-+ACI-,+ACI-+ACIAIg-darpanvyas+ACIAIg-+ACI-,+ACI-+AHs-user:+ACIAIg-darpanvyas+ACIAIg-,last+AF8-queried+AF8-at:2022+AC0-05+AC0-09 13:16:57.683 UTC,query+AF8-count:82,count+AF8-queries+AF8-7+AF8-days:1748,count+AF8-queries+AF8-30+AF8-days:2049+AH0-+ACI-
2022+AC0-05+AC0-09,icebase,sportsproducts,sports+AF8-transactions+AF8-data+AF8-with+AF8-ts,+ACI-+ACIAIg-shubhanshujain+ACIAIg-+ACI-,+ACI-+ACIAIg-shubhanshujain+ACIAIg-+ACI-,+ACI-+AHs-user:+ACIAIg-shubhanshujain+ACIAIg-,last+AF8-queried+AF8-at:2022+AC0-05+AC0-09 23:54:38.743 UTC,query+AF8-count:270,count+AF8-queries+AF8-7+AF8-days:1417,count+AF8-queries+AF8-30+AF8-days:1715+AH0-+ACI-
2022+AC0-05+AC0-09,icebase,sportsproducts,sports+AF8-transactions+AF8-data+AF8-with+AF8-ts,+ACI-+ACIAIg-yogeshkhangode+ACIAIg-+ACI-,+ACI-+ACIAIg-yogeshkhangode+ACIAIg-+ACI-,+ACI-+AHs-user:+ACIAIg-yogeshkhangode+ACIAIg-,last+AF8-queried+AF8-at:2022+AC0-05+AC0-09 18:45:25.269 UTC,query+AF8-count:1,count+AF8-queries+AF8-7+AF8-days:7,count+AF8-queries+AF8-30+AF8-days:4836+AH0-+ACI-
2022+AC0-05+AC0-09,icebase,sportsproducts,sports+AF8-returns+AF8-data+AF8-with+AF8-ts,+ACI-+ACIAIg-yogeshkhangode+ACIAIg-+ACI-,+ACI-+ACIAIg-yogeshkhangode+ACIAIg-+ACI-,+ACI-+AHs-user:+ACIAIg-yogeshkhangode+ACIAIg-,last+AF8-queried+AF8-at:2022+AC0-05+AC0-09 18:45:25.269 UTC,query+AF8-count:1,count+AF8-queries+AF8-7+AF8-days:7,count+AF8-queries+AF8-30+AF8-days:4560+AH0-+ACI-
2022+AC0-05+AC0-09,icebase,sportsproducts,sports+AF8-products+AF8-data+AF8-with+AF8-ts,+ACI-+ACIAIg-yogeshkhangode+ACIAIg-+ACI-,+ACI-+ACIAIg-yogeshkhangode+ACIAIg-+ACI-,+ACI-+AHs-user:+ACIAIg-yogeshkhangode+ACIAIg-,last+AF8-queried+AF8-at:2022+AC0-05+AC0-09 18:45:25.269 UTC,query+AF8-count:1,count+AF8-queries+AF8-7+AF8-days:8,count+AF8-queries+AF8-30+AF8-days:2090+AH0-+ACI-
2022+AC0-05+AC0-09,icebase,sportsproducts,sports+AF8-products+AF8-data+AF8-with+AF8-ts,+ACI-+ACIAIg-darpanvyas+ACIAIg-+ACI-,+ACI-+ACIAIg-darpanvyas+ACIAIg-+ACI-,+ACI-+AHs-user:+ACIAIg-darpanvyas+ACIAIg-,last+AF8-queried+AF8-at:2022+AC0-05+AC0-09 13:24:46.092 UTC,query+AF8-count:1,count+AF8-queries+AF8-7+AF8-days:14,count+AF8-queries+AF8-30+AF8-days:4290+AH0-+ACI-
2022+AC0-05+AC0-09,icebase,sportsproducts,sports+AF8-productsubcategories+AF8-data+AF8-with+AF8-ts,+ACI-+ACIAIg-darpanvyas+ACIAIg-+ACI-,+ACI-+ACIAIg-darpanvyas+ACIAIg-+ACI-,+ACI-+AHs-user:+ACIAIg-darpanvyas+ACIAIg-,last+AF8-queried+AF8-at:2022+AC0-05+AC0-09 13:24:46.092 UTC,query+AF8-count:1,count+AF8-queries+AF8-7+AF8-days:7,count+AF8-queries+AF8-30+AF8-days:2089+AH0-+ACI-
2022+AC0-05+AC0-08,icebase,sportsproducts,sports+AF8-returns+AF8-data+AF8-with+AF8-ts,+ACI-+ACIAIg-shubhanshujain+ACIAIg-+ACI-,+ACI-+ACIAIg-shubhanshujain+ACIAIg-+ACI-,+ACI-+AHs-user:+ACIAIg-shubhanshujain+ACIAIg-,last+AF8-queried+AF8-at:2022+AC0-05+AC0-08 23:58:29.210 UTC,query+AF8-count:278,count+AF8-queries+AF8-7+AF8-days:278,count+AF8-queries+AF8-30+AF8-days:278+AH0-+ACI-
2022+AC0-05+AC0-08,icebase,sportsproducts,sports+AF8-transactions+AF8-data+AF8-with+AF8-ts,+ACI-+ACIAIg-shubhanshujain+ACIAIg-+ACI-,+ACI-+ACIAIg-shubhanshujain+ACIAIg-+ACI-,+ACI-+AHs-user:+ACIAIg-shubhanshujain+ACIAIg-,last+AF8-queried+AF8-at:2022+AC0-05+AC0-08 23:58:29.210 UTC,query+AF8-count:278,count+AF8-queries+AF8-7+AF8-days:1391,count+AF8-queries+AF8-30+AF8-days:1391+AH0-+ACI-
2022+AC0-05+AC0-08,icebase,sportsproducts,sports+AF8-transactions+AF8-data+AF8-with+AF8-ts,+ACI-+ACIAIg-yogeshkhangode+ACIAIg-+ACI-,+ACI-+ACIAIg-yogeshkhangode+ACIAIg-+ACI-,+ACI-+AHs-user:+ACIAIg-yogeshkhangode+ACIAIg-,last+AF8-queried+AF8-at:2022+AC0-05+AC0-08 18:46:15.542 UTC,query+AF8-count:1,count+AF8-queries+AF8-7+AF8-days:11,count+AF8-queries+AF8-30+AF8-days:4019+AH0-+ACI-
2022+AC0-05+AC0-08,icebase,sportsproducts,sports+AF8-returns+AF8-data+AF8-with+AF8-ts,+ACI-+ACIAIg-yogeshkhangode+ACIAIg-+ACI-,+ACI-+ACIAIg-yogeshkhangode+ACIAIg-+ACI-,+ACI-+AHs-user:+ACIAIg-yogeshkhangode+ACIAIg-,last+AF8-queried+AF8-at:2022+AC0-05+AC0-08 18:46:15.542 UTC,query+AF8-count:1,count+AF8-queries+AF8-7+AF8-days:7,count+AF8-queries+AF8-30+AF8-days:444+AH0-+ACI-
2022+AC0-05+AC0-08,icebase,sportsproducts,sports+AF8-productcategories+AF8-data+AF8-with+AF8-ts,+ACI-+ACIAIg-shubhanshujain+ACIAIg-+ACI-,+ACI-+ACIAIg-shubhanshujain+ACIAIg-+ACI-,+ACI-+AHs-user:+ACIAIg-shubhanshujain+ACIAIg-,last+AF8-queried+AF8-at:2022+AC0-05+AC0-08 23:58:29.210 UTC,query+AF8-count:278,count+AF8-queries+AF8-7+AF8-days:558,count+AF8-queries+AF8-30+AF8-days:585+AH0-+ACI-
2022+AC0-05+AC0-08,icebase,sportsproducts,sports+AF8-products+AF8-data+AF8-with+AF8-ts,+ACI-+ACIAIg-yogeshkhangode+ACIAIg-+ACI-,+ACI-+ACIAIg-yogeshkhangode+ACIAIg-+ACI-,+ACI-+AHs-user:+ACIAIg-yogeshkhangode+ACIAIg-,last+AF8-queried+AF8-at:2022+AC0-05+AC0-08 18:46:15.542 UTC,query+AF8-count:1,count+AF8-queries+AF8-7+AF8-days:9,count+AF8-queries+AF8-30+AF8-days:36+AH0-+ACI-
2022+AC0-05+AC0-07,icebase,sportsproducts,sports+AF8-productsubcategories+AF8-data+AF8-with+AF8-ts,+ACI-+ACIAIg-shubhanshujain+ACIAIg-+ACI-,+ACI-+ACIAIg-shubhanshujain+ACIAIg-+ACI-,+ACI-+AHs-user:+ACIAIg-shubhanshujain+ACIAIg-,last+AF8-queried+AF8-at:2022+AC0-05+AC0-07 23:55:54.678 UTC,query+AF8-count:278,count+AF8-queries+AF8-7+AF8-days:1125,count+AF8-queries+AF8-30+AF8-days:3131+AH0-+ACI-
2022+AC0-05+AC0-07,icebase,sportsproducts,sports+AF8-productcategories+AF8-data+AF8-with+AF8-ts,+ACI-+ACIAIg-shubhanshujain+ACIAIg-+ACI-,+ACI-+ACIAIg-shubhanshujain+ACIAIg-+ACI-,+ACI-+AHs-user:+ACIAIg-shubhanshujain+ACIAIg-,last+AF8-queried+AF8-at:2022+AC0-05+AC0-07 23:55:54.678 UTC,query+AF8-count:278,count+AF8-queries+AF8-7+AF8-days:1936,count+AF8-queries+AF8-30+AF8-days:4180+AH0-+ACI-
2022+AC0-05+AC0-07,icebase,sportsproducts,sports+AF8-returns+AF8-data+AF8-with+AF8-ts,+ACI-+ACIAIg-yogeshkhangode+ACIAIg-+ACI-,+ACI-+ACIAIg-yogeshkhangode+ACIAIg-+ACI-,+ACI-+AHs-user:+ACIAIg-yogeshkhangode+ACIAIg-,last+AF8-queried+AF8-at:2022+AC0-05+AC0-07 18:45:40.900 UTC,query+AF8-count:1,count+AF8-queries+AF8-7+AF8-days:1387,count+AF8-queries+AF8-30+AF8-days:4180+AH0-+ACI-
2022+AC0-05+AC0-06,icebase,sportsproducts,sports+AF8-salesterritories+AF8-data+AF8-with+AF8-ts,+ACI-+ACIAIg-yogeshkhangode+ACIAIg-+ACI-,+ACI-+ACIAIg-yogeshkhangode+ACIAIg-+ACI-,+ACI-+AHs-user:+ACIAIg-yogeshkhangode+ACIAIg-,last+AF8-queried+AF8-at:2022+AC0-05+AC0-06 18:45:32.348 UTC,query+AF8-count:1,count+AF8-queries+AF8-7+AF8-days:7,count+AF8-queries+AF8-30+AF8-days:3737+AH0-+ACI-
2022+AC0-05+AC0-06,icebase,sportsproducts,sports+AF8-productsubcategories+AF8-data+AF8-with+AF8-ts,+ACI-+ACIAIg-yogeshkhangode+ACIAIg-+ACI-,+ACI-+ACIAIg-yogeshkhangode+ACIAIg-+ACI-,+ACI-+AHs-user:+ACIAIg-yogeshkhangode+ACIAIg-,last+AF8-queried+AF8-at:2022+AC0-05+AC0-06 18:45:32.348 UTC,query+AF8-count:1,count+AF8-queries+AF8-7+AF8-days:698,count+AF8-queries+AF8-30+AF8-days:4907+AH0-+ACI-
2022+AC0-05+AC0-06,icebase,sportsproducts,sports+AF8-returns+AF8-data+AF8-with+AF8-ts,+ACI-+ACIAIg-shubhanshujain+ACIAIg-+ACI-,+ACI-+ACIAIg-shubhanshujain+ACIAIg-+ACI-,+ACI-+AHs-user:+ACIAIg-shubhanshujain+ACIAIg-,last+AF8-queried+AF8-at:2022+AC0-05+AC0-06 23:56:45.829 UTC,query+AF8-count:275,count+AF8-queries+AF8-7+AF8-days:1738,count+AF8-queries+AF8-30+AF8-days:2878+AH0-+ACI-
2022+AC0-05+AC0-05,icebase,sportsproducts,sports+AF8-returns+AF8-data+AF8-with+AF8-ts,+ACI-+ACIAIg-yogeshkhangode+ACIAIg-+ACI-,+ACI-+ACIAIg-yogeshkhangode+ACIAIg-+ACI-,+ACI-+AHs-user:+ACIAIg-yogeshkhangode+ACIAIg-,last+AF8-queried+AF8-at:2022+AC0-05+AC0-05 18:45:23.139 UTC,query+AF8-count:1,count+AF8-queries+AF8-7+AF8-days:7,count+AF8-queries+AF8-30+AF8-days:1267+AH0-+ACI-
2022+AC0-05+AC0-05,icebase,sportsproducts,sports+AF8-customers+AF8-data+AF8-with+AF8-ts,+ACI-+ACIAIg-shubhanshujain+ACIAIg-+ACI-,+ACI-+ACIAIg-shubhanshujain+ACIAIg-+ACI-,+ACI-+AHs-user:+ACIAIg-shubhanshujain+ACIAIg-,last+AF8-queried+AF8-at:2022+AC0-05+AC0-05 23:58:36.938 UTC,query+AF8-count:277,count+AF8-queries+AF8-7+AF8-days:1940,count+AF8-queries+AF8-30+AF8-days:3980+AH0-+ACI-
2022+AC0-05+AC0-05,icebase,sys01,cloudevents,+ACI-+ACIAIg-darpanvyas+ACIAIg-+ACI-,+ACI-+ACIAIg-darpanvyas+ACIAIg-+ACI-,+ACI-+AHs-user:+ACIAIg-darpanvyas+ACIAIg-,last+AF8-queried+AF8-at:2022+AC0-05+AC0-05 17:43:11.786 UTC,query+AF8-count:4,count+AF8-queries+AF8-7+AF8-days:288,count+AF8-queries+AF8-30+AF8-days:4577+AH0-+ACI-
2022+AC0-05+AC0-05,icebase,sportsproducts,sports+AF8-salesterritories+AF8-data+AF8-with+AF8-ts,+ACI-+ACIAIg-shubhanshujain+ACIAIg-+ACI-,+ACI-+ACIAIg-shubhanshujain+ACIAIg-+ACI-,+ACI-+AHs-user:+ACIAIg-shubhanshujain+ACIAIg-,last+AF8-queried+AF8-at:2022+AC0-05+AC0-05 23:58:36.938 UTC,query+AF8-count:277,count+AF8-queries+AF8-7+AF8-days:1931,count+AF8-queries+AF8-30+AF8-days:3396+AH0-+ACI-
2022+AC0-05+AC0-05,icebase,sportsproducts,sports+AF8-productcategories+AF8-data+AF8-with+AF8-ts,+ACI-+ACIAIg-yogeshkhangode+ACIAIg-+ACI-,+ACI-+ACIAIg-yogeshkhangode+ACIAIg-+ACI-,+ACI-+AHs-user:+ACIAIg-yogeshkhangode+ACIAIg-,last+AF8-queried+AF8-at:2022+AC0-05+AC0-05 18:45:23.139 UTC,query+AF8-count:1,count+AF8-queries+AF8-7+AF8-days:7,count+AF8-queries+AF8-30+AF8-days:3316+AH0-+ACI-
2022+AC0-05+AC0-04,icebase,sportsproducts,sports+AF8-customers+AF8-data+AF8-with+AF8-ts,+ACI-+ACIAIg-yogeshkhangode+ACIAIg-+ACI-,+ACI-+ACIAIg-yogeshkhangode+ACIAIg-+ACI-,+ACI-+AHs-user:+ACIAIg-yogeshkhangode+ACIAIg-,last+AF8-queried+AF8-at:2022+AC0-05+AC0-04 18:45:14.304 UTC,query+AF8-count:1,count+AF8-queries+AF8-7+AF8-days:9,count+AF8-queries+AF8-30+AF8-days:4092+AH0-+ACI-
2022+AC0-05+AC0-04,icebase,sportsproducts,sports+AF8-productsubcategories+AF8-data+AF8-with+AF8-ts,+ACI-+ACIAIg-shubhanshujain+ACIAIg-+ACI-,+ACI-+ACIAIg-shubhanshujain+ACIAIg-+ACI-,+ACI-+AHs-user:+ACIAIg-shubhanshujain+ACIAIg-,last+AF8-queried+AF8-at:2022+AC0-05+AC0-04 23:55:28.381 UTC,query+AF8-count:279,count+AF8-queries+AF8-7+AF8-days:1940,count+AF8-queries+AF8-30+AF8-days:3354+AH0-+ACI-
2022+AC0-05+AC0-04,icebase,sportsproducts,sports+AF8-transactions+AF8-data+AF8-with+AF8-ts,+ACI-+ACIAIg-yogeshkhangode+ACIAIg-+ACI-,+ACI-+ACIAIg-yogeshkhangode+ACIAIg-+ACI-,+ACI-+AHs-user:+ACIAIg-yogeshkhangode+ACIAIg-,last+AF8-queried+AF8-at:2022+AC0-05+AC0-04 18:45:14.304 UTC,query+AF8-count:1,count+AF8-queries+AF8-7+AF8-days:8,count+AF8-queries+AF8-30+AF8-days:4756+AH0-+ACI-
2022+AC0-05+AC0-03,icebase,sportsproducts,sports+AF8-productsubcategories+AF8-data+AF8-with+AF8-ts,+ACI-+ACIAIg-shubhanshujain+ACIAIg-+ACI-,+ACI-+ACIAIg-shubhanshujain+ACIAIg-+ACI-,+ACI-+AHs-user:+ACIAIg-shubhanshujain+ACIAIg-,last+AF8-queried+AF8-at:2022+AC0-05+AC0-03 23:58:19.493 UTC,query+AF8-count:278,count+AF8-queries+AF8-7+AF8-days:1737,count+AF8-queries+AF8-30+AF8-days:3155+AH0-+ACI-
2022+AC0-05+AC0-03,icebase,sportsproducts,sports+AF8-customers+AF8-data+AF8-with+AF8-ts,+ACI-+ACIAIg-shubhanshujain+ACIAIg-+ACI-,+ACI-+ACIAIg-shubhanshujain+ACIAIg-+ACI-,+ACI-+AHs-user:+ACIAIg-shubhanshujain+ACIAIg-,last+AF8-queried+AF8-at:2022+AC0-05+AC0-03 23:58:19.493 UTC,query+AF8-count:278,count+AF8-queries+AF8-7+AF8-days:1121,count+AF8-queries+AF8-30+AF8-days:2855+AH0-+ACI-
2022+AC0-05+AC0-02,icebase,sportsproducts,sports+AF8-products+AF8-data+AF8-with+AF8-ts,+ACI-+ACIAIg-shubhanshujain+ACIAIg-+ACI-,+ACI-+ACIAIg-shubhanshujain+ACIAIg-+ACI-,+ACI-+AHs-user:+ACIAIg-shubhanshujain+ACIAIg-,last+AF8-queried+AF8-at:2022+AC0-05+AC0-02 23:55:11.460 UTC,query+AF8-count:273,count+AF8-queries+AF8-7+AF8-days:1721,count+AF8-queries+AF8-30+AF8-days:1751+AH0-+ACI-
2022+AC0-05+AC0-01,icebase,sportsproducts,sports+AF8-productcategories+AF8-data+AF8-with+AF8-ts,+ACI-+ACIAIg-yogeshkhangode+ACIAIg-+ACI-,+ACI-+ACIAIg-yogeshkhangode+ACIAIg-+ACI-,+ACI-+AHs-user:+ACIAIg-yogeshkhangode+ACIAIg-,last+AF8-queried+AF8-at:2022+AC0-05+AC0-01 18:45:49.196 UTC,query+AF8-count:1,count+AF8-queries+AF8-7+AF8-days:693,count+AF8-queries+AF8-30+AF8-days:5460+AH0-+ACI-
2022+AC0-04+AC0-30,icebase,sportsproducts,sports+AF8-returns+AF8-data+AF8-with+AF8-ts,+ACI-+ACIAIg-yogeshkhangode+ACIAIg-+ACI-,+ACI-+ACIAIg-yogeshkhangode+ACIAIg-+ACI-,+ACI-+AHs-user:+ACIAIg-yogeshkhangode+ACIAIg-,last+AF8-queried+AF8-at:2022+AC0-04+AC0-30 18:45:30.253 UTC,query+AF8-count:1,count+AF8-queries+AF8-7+AF8-days:13,count+AF8-queries+AF8-30+AF8-days:5328+AH0-+ACI-
2022+AC0-04+AC0-30,icebase,sportsproducts,sports+AF8-transactions+AF8-data+AF8-with+AF8-ts,+ACI-+ACIAIg-shubhanshujain+ACIAIg-+ACI-,+ACI-+ACIAIg-shubhanshujain+ACIAIg-+ACI-,+ACI-+AHs-user:+ACIAIg-shubhanshujain+ACIAIg-,last+AF8-queried+AF8-at:2022+AC0-04+AC0-30 23:57:43.636 UTC,query+AF8-count:274,count+AF8-queries+AF8-7+AF8-days:1107,count+AF8-queries+AF8-30+AF8-days:6093+AH0-+ACI-
2022+AC0-04+AC0-29,icebase,sportsproducts,sports+AF8-returns+AF8-data+AF8-with+AF8-ts,+ACI-+ACIAIg-shubhanshujain+ACIAIg-+ACI-,+ACI-+ACIAIg-shubhanshujain+ACIAIg-+ACI-,+ACI-+AHs-user:+ACIAIg-shubhanshujain+ACIAIg-,last+AF8-queried+AF8-at:2022+AC0-04+AC0-29 23:55:40.895 UTC,query+AF8-count:272,count+AF8-queries+AF8-7+AF8-days:1921,count+AF8-queries+AF8-30+AF8-days:4491+AH0-+ACI-
2022+AC0-04+AC0-29,icebase,sportsproducts,sports+AF8-productcategories+AF8-data+AF8-with+AF8-ts,+ACI-+ACIAIg-shubhanshujain+ACIAIg-+ACI-,+ACI-+ACIAIg-shubhanshujain+ACIAIg-+ACI-,+ACI-+AHs-user:+ACIAIg-shubhanshujain+ACIAIg-,last+AF8-queried+AF8-at:2022+AC0-04+AC0-29 23:55:40.895 UTC,query+AF8-count:272,count+AF8-queries+AF8-7+AF8-days:1920,count+AF8-queries+AF8-30+AF8-days:5590+AH0-+ACI-
2022+AC0-04+AC0-29,icebase,sportsproducts,sports+AF8-products+AF8-data+AF8-with+AF8-ts,+ACI-+ACIAIg-yogeshkhangode+ACIAIg-+ACI-,+ACI-+ACIAIg-yogeshkhangode+ACIAIg-+ACI-,+ACI-+AHs-user:+ACIAIg-yogeshkhangode+ACIAIg-,last+AF8-queried+AF8-at:2022+AC0-04+AC0-29 18:45:22.172 UTC,query+AF8-count:1,count+AF8-queries+AF8-7+AF8-days:7,count+AF8-queries+AF8-30+AF8-days:34+AH0-+ACI-
2022+AC0-04+AC0-29,icebase,sportsproducts,sports+AF8-customers+AF8-data+AF8-with+AF8-ts,+ACI-+ACIAIg-shubhanshujain+ACIAIg-+ACI-,+ACI-+ACIAIg-shubhanshujain+ACIAIg-+ACI-,+ACI-+AHs-user:+ACIAIg-shubhanshujain+ACIAIg-,last+AF8-queried+AF8-at:2022+AC0-04+AC0-29 23:55:40.895 UTC,query+AF8-count:272,count+AF8-queries+AF8-7+AF8-days:1095,count+AF8-queries+AF8-30+AF8-days:5265+AH0-+ACI-
2022+AC0-04+AC0-29,icebase,sportsproducts,sports+AF8-transactions+AF8-data+AF8-with+AF8-ts,+ACI-+ACIAIg-shubhanshujain+ACIAIg-+ACI-,+ACI-+ACIAIg-shubhanshujain+ACIAIg-+ACI-,+ACI-+AHs-user:+ACIAIg-shubhanshujain+ACIAIg-,last+AF8-queried+AF8-at:2022+AC0-04+AC0-29 23:55:40.895 UTC,query+AF8-count:272,count+AF8-queries+AF8-7+AF8-days:1374,count+AF8-queries+AF8-30+AF8-days:6637+AH0-+ACI-
2022+AC0-04+AC0-29,icebase,sportsproducts,sports+AF8-salesterritories+AF8-data+AF8-with+AF8-ts,+ACI-+ACIAIg-yogeshkhangode+ACIAIg-+ACI-,+ACI-+ACIAIg-yogeshkhangode+ACIAIg-+ACI-,+ACI-+AHs-user:+ACIAIg-yogeshkhangode+ACIAIg-,last+AF8-queried+AF8-at:2022+AC0-04+AC0-29 18:45:22.172 UTC,query+AF8-count:1,count+AF8-queries+AF8-7+AF8-days:558,count+AF8-queries+AF8-30+AF8-days:5301+AH0-+ACI-
2022+AC0-04+AC0-28,icebase,sportsproducts,sports+AF8-productsubcategories+AF8-data+AF8-with+AF8-ts,+ACI-+ACIAIg-yogeshkhangode+ACIAIg-+ACI-,+ACI-+ACIAIg-yogeshkhangode+ACIAIg-+ACI-,+ACI-+AHs-user:+ACIAIg-yogeshkhangode+ACIAIg-,last+AF8-queried+AF8-at:2022+AC0-04+AC0-28 18:45:04.787 UTC,query+AF8-count:1,count+AF8-queries+AF8-7+AF8-days:11,count+AF8-queries+AF8-30+AF8-days:4074+AH0-+ACI-
2022+AC0-04+AC0-28,icebase,sportsproducts,sports+AF8-returns+AF8-data+AF8-with+AF8-ts,+ACI-+ACIAIg-yogeshkhangode+ACIAIg-+ACI-,+ACI-+ACIAIg-yogeshkhangode+ACIAIg-+ACI-,+ACI-+AHs-user:+ACIAIg-yogeshkhangode+ACIAIg-,last+AF8-queried+AF8-at:2022+AC0-04+AC0-28 18:45:04.787 UTC,query+AF8-count:1,count+AF8-queries+AF8-7+AF8-days:1641,count+AF8-queries+AF8-30+AF8-days:4220+AH0-+ACI-
2022+AC0-04+AC0-28,icebase,sportsproducts,sports+AF8-productcategories+AF8-data+AF8-with+AF8-ts,+ACI-+ACIAIg-shubhanshujain+ACIAIg-+ACI-,+ACI-+ACIAIg-shubhanshujain+ACIAIg-+ACI-,+ACI-+AHs-user:+ACIAIg-shubhanshujain+ACIAIg-,last+AF8-queried+AF8-at:2022+AC0-04+AC0-28 23:56:18.113 UTC,query+AF8-count:269,count+AF8-queries+AF8-7+AF8-days:1915,count+AF8-queries+AF8-30+AF8-days:4167+AH0-+ACI-
2022+AC0-04+AC0-27,icebase,sportsproducts,sports+AF8-products+AF8-data+AF8-with+AF8-ts,+ACI-+ACIAIg-shubhanshujain+ACIAIg-+ACI-,+ACI-+ACIAIg-shubhanshujain+ACIAIg-+ACI-,+ACI-+AHs-user:+ACIAIg-shubhanshujain+ACIAIg-,last+AF8-queried+AF8-at:2022+AC0-04+AC0-27 23:58:16.047 UTC,query+AF8-count:277,count+AF8-queries+AF8-7+AF8-days:1930,count+AF8-queries+AF8-30+AF8-days:3947+AH0-+ACI-
2022+AC0-04+AC0-27,icebase,sportsproducts,sports+AF8-salesterritories+AF8-data+AF8-with+AF8-ts,+ACI-+ACIAIg-shubhanshujain+ACIAIg-+ACI-,+ACI-+ACIAIg-shubhanshujain+ACIAIg-+ACI-,+ACI-+AHs-user:+ACIAIg-shubhanshujain+ACIAIg-,last+AF8-queried+AF8-at:2022+AC0-04+AC0-27 23:58:16.047 UTC,query+AF8-count:277,count+AF8-queries+AF8-7+AF8-days:1101,count+AF8-queries+AF8-30+AF8-days:4995+AH0-+ACI-
2022+AC0-04+AC0-25,icebase,sportsproducts,sports+AF8-returns+AF8-data+AF8-with+AF8-ts,+ACI-+ACIAIg-yogeshkhangode+ACIAIg-+ACI-,+ACI-+ACIAIg-yogeshkhangode+ACIAIg-+ACI-,+ACI-+AHs-user:+ACIAIg-yogeshkhangode+ACIAIg-,last+AF8-queried+AF8-at:2022+AC0-04+AC0-25 18:45:58.869 UTC,query+AF8-count:2,count+AF8-queries+AF8-7+AF8-days:9,count+AF8-queries+AF8-30+AF8-days:3818+AH0-+ACI-
2022+AC0-04+AC0-25,icebase,sportsproducts,sports+AF8-transactions+AF8-data+AF8-with+AF8-ts,+ACI-+ACIAIg-yogeshkhangode+ACIAIg-+ACI-,+ACI-+ACIAIg-yogeshkhangode+ACIAIg-+ACI-,+ACI-+AHs-user:+ACIAIg-yogeshkhangode+ACIAIg-,last+AF8-queried+AF8-at:2022+AC0-04+AC0-25 18:45:58.869 UTC,query+AF8-count:2,count+AF8-queries+AF8-7+AF8-days:9,count+AF8-queries+AF8-30+AF8-days:2620+AH0-+ACI-
2022+AC0-04+AC0-25,icebase,sportsproducts,sports+AF8-transactions+AF8-data+AF8-with+AF8-ts,+ACI-+ACIAIg-shubhanshujain+ACIAIg-+ACI-,+ACI-+ACIAIg-shubhanshujain+ACIAIg-+ACI-,+ACI-+AHs-user:+ACIAIg-shubhanshujain+ACIAIg-,last+AF8-queried+AF8-at:2022+AC0-04+AC0-25 23:57:12.232 UTC,query+AF8-count:271,count+AF8-queries+AF8-7+AF8-days:1905,count+AF8-queries+AF8-30+AF8-days:4437+AH0-+ACI-
2022+AC0-04+AC0-25,icebase,sportsproducts,sports+AF8-salesterritories+AF8-data+AF8-with+AF8-ts,+ACI-+ACIAIg-yogeshkhangode+ACIAIg-+ACI-,+ACI-+ACIAIg-yogeshkhangode+ACIAIg-+ACI-,+ACI-+AHs-user:+ACIAIg-yogeshkhangode+ACIAIg-,last+AF8-queried+AF8-at:2022+AC0-04+AC0-25 18:45:58.869 UTC,query+AF8-count:2,count+AF8-queries+AF8-7+AF8-days:1643,count+AF8-queries+AF8-30+AF8-days:5299+AH0-+ACI-
2022+AC0-04+AC0-24,icebase,sportsproducts,sports+AF8-products+AF8-data+AF8-with+AF8-ts,+ACI-+ACIAIg-shubhanshujain+ACIAIg-+ACI-,+ACI-+ACIAIg-shubhanshujain+ACIAIg-+ACI-,+ACI-+AHs-user:+ACIAIg-shubhanshujain+ACIAIg-,last+AF8-queried+AF8-at:2022+AC0-04+AC0-24 23:58:09.968 UTC,query+AF8-count:274,count+AF8-queries+AF8-7+AF8-days:1914,count+AF8-queries+AF8-30+AF8-days:6344+AH0-+ACI-
2022+AC0-04+AC0-24,icebase,sportsproducts,sports+AF8-returns+AF8-data+AF8-with+AF8-ts,+ACI-+ACIAIg-shubhanshujain+ACIAIg-+ACI-,+ACI-+ACIAIg-shubhanshujain+ACIAIg-+ACI-,+ACI-+AHs-user:+ACIAIg-shubhanshujain+ACIAIg-,last+AF8-queried+AF8-at:2022+AC0-04+AC0-24 23:58:09.968 UTC,query+AF8-count:274,count+AF8-queries+AF8-7+AF8-days:1368,count+AF8-queries+AF8-30+AF8-days:5538+AH0-+ACI-
2022+AC0-04+AC0-24,icebase,sportsproducts,sports+AF8-productsubcategories+AF8-data+AF8-with+AF8-ts,+ACI-+ACIAIg-yogeshkhangode+ACIAIg-+ACI-,+ACI-+ACIAIg-yogeshkhangode+ACIAIg-+ACI-,+ACI-+AHs-user:+ACIAIg-yogeshkhangode+ACIAIg-,last+AF8-queried+AF8-at:2022+AC0-04+AC0-24 18:45:56.724 UTC,query+AF8-count:1,count+AF8-queries+AF8-7+AF8-days:424,count+AF8-queries+AF8-30+AF8-days:5951+AH0-+ACI-
2022+AC0-04+AC0-23,icebase,sportsproducts,sports+AF8-transactions+AF8-data+AF8-with+AF8-ts,+ACI-+ACIAIg-shubhanshujain+ACIAIg-+ACI-,+ACI-+ACIAIg-shubhanshujain+ACIAIg-+ACI-,+ACI-+AHs-user:+ACIAIg-shubhanshujain+ACIAIg-,last+AF8-queried+AF8-at:2022+AC0-04+AC0-23 23:59:07.101 UTC,query+AF8-count:275,count+AF8-queries+AF8-7+AF8-days:1509,count+AF8-queries+AF8-30+AF8-days:4906+AH0-+ACI-
2022+AC0-04+AC0-23,icebase,sportsproducts,sports+AF8-productcategories+AF8-data+AF8-with+AF8-ts,+ACI-+ACIAIg-shubhanshujain+ACIAIg-+ACI-,+ACI-+ACIAIg-shubhanshujain+ACIAIg-+ACI-,+ACI-+AHs-user:+ACIAIg-shubhanshujain+ACIAIg-,last+AF8-queried+AF8-at:2022+AC0-04+AC0-23 23:59:07.101 UTC,query+AF8-count:275,count+AF8-queries+AF8-7+AF8-days:1921,count+AF8-queries+AF8-30+AF8-days:6359+AH0-+ACI-
2022+AC0-04+AC0-22,icebase,sportsproducts,sports+AF8-salesterritories+AF8-data+AF8-with+AF8-ts,+ACI-+ACIAIg-shubhanshujain+ACIAIg-+ACI-,+ACI-+ACIAIg-shubhanshujain+ACIAIg-+ACI-,+ACI-+AHs-user:+ACIAIg-shubhanshujain+ACIAIg-,last+AF8-queried+AF8-at:2022+AC0-04+AC0-22 23:55:42.539 UTC,query+AF8-count:143,count+AF8-queries+AF8-7+AF8-days:1517,count+AF8-queries+AF8-30+AF8-days:7035+AH0-+ACI-
2022+AC0-04+AC0-22,icebase,sportsproducts,sports+AF8-products+AF8-data+AF8-with+AF8-ts,+ACI-+ACIAIg-yogeshkhangode+ACIAIg-+ACI-,+ACI-+ACIAIg-yogeshkhangode+ACIAIg-+ACI-,+ACI-+AHs-user:+ACIAIg-yogeshkhangode+ACIAIg-,last+AF8-queried+AF8-at:2022+AC0-04+AC0-22 18:45:23.764 UTC,query+AF8-count:1,count+AF8-queries+AF8-7+AF8-days:8,count+AF8-queries+AF8-30+AF8-days:2530+AH0-+ACI-
2022+AC0-04+AC0-21,icebase,sportsproducts,sports+AF8-transactions+AF8-data+AF8-with+AF8-ts,+ACI-+ACIAIg-yogeshkhangode+ACIAIg-+ACI-,+ACI-+ACIAIg-yogeshkhangode+ACIAIg-+ACI-,+ACI-+AHs-user:+ACIAIg-yogeshkhangode+ACIAIg-,last+AF8-queried+AF8-at:2022+AC0-04+AC0-21 18:46:13.123 UTC,query+AF8-count:1,count+AF8-queries+AF8-7+AF8-days:7,count+AF8-queries+AF8-30+AF8-days:3449+AH0-+ACI-
2022+AC0-04+AC0-21,icebase,sportsproducts,sports+AF8-productcategories+AF8-data+AF8-with+AF8-ts,+ACI-+ACIAIg-yogeshkhangode+ACIAIg-+ACI-,+ACI-+ACIAIg-yogeshkhangode+ACIAIg-+ACI-,+ACI-+AHs-user:+ACIAIg-yogeshkhangode+ACIAIg-,last+AF8-queried+AF8-at:2022+AC0-04+AC0-21 18:46:13.123 UTC,query+AF8-count:1,count+AF8-queries+AF8-7+AF8-days:424,count+AF8-queries+AF8-30+AF8-days:5128+AH0-+ACI-
2022+AC0-04+AC0-20,icebase,sportsproducts,sports+AF8-productcategories+AF8-data+AF8-with+AF8-ts,+ACI-+ACIAIg-yogeshkhangode+ACIAIg-+ACI-,+ACI-+ACIAIg-yogeshkhangode+ACIAIg-+ACI-,+ACI-+AHs-user:+ACIAIg-yogeshkhangode+ACIAIg-,last+AF8-queried+AF8-at:2022+AC0-04+AC0-20 18:45:52.893 UTC,query+AF8-count:1,count+AF8-queries+AF8-7+AF8-days:1504,count+AF8-queries+AF8-30+AF8-days:6000+AH0-+ACI-
2022+AC0-04+AC0-19,icebase,sportsproducts,sports+AF8-salesterritories+AF8-data+AF8-with+AF8-ts,+ACI-+ACIAIg-yogeshkhangode+ACIAIg-+ACI-,+ACI-+ACIAIg-yogeshkhangode+ACIAIg-+ACI-,+ACI-+AHs-user:+ACIAIg-yogeshkhangode+ACIAIg-,last+AF8-queried+AF8-at:2022+AC0-04+AC0-19 18:45:43.255 UTC,query+AF8-count:2,count+AF8-queries+AF8-7+AF8-days:8,count+AF8-queries+AF8-30+AF8-days:618+AH0-+ACI-
2022+AC0-04+AC0-19,icebase,sportsproducts,sports+AF8-transactions+AF8-data+AF8-with+AF8-ts,+ACI-+ACIAIg-yogeshkhangode+ACIAIg-+ACI-,+ACI-+ACIAIg-yogeshkhangode+ACIAIg-+ACI-,+ACI-+AHs-user:+ACIAIg-yogeshkhangode+ACIAIg-,last+AF8-queried+AF8-at:2022+AC0-04+AC0-19 18:45:43.255 UTC,query+AF8-count:2,count+AF8-queries+AF8-7+AF8-days:10,count+AF8-queries+AF8-30+AF8-days:334+AH0-+ACI-
2022+AC0-04+AC0-19,icebase,sportsproducts,sports+AF8-products+AF8-data+AF8-with+AF8-ts,+ACI-+ACIAIg-yogeshkhangode+ACIAIg-+ACI-,+ACI-+ACIAIg-yogeshkhangode+ACIAIg-+ACI-,+ACI-+AHs-user:+ACIAIg-yogeshkhangode+ACIAIg-,last+AF8-queried+AF8-at:2022+AC0-04+AC0-19 18:45:43.255 UTC,query+AF8-count:2,count+AF8-queries+AF8-7+AF8-days:8,count+AF8-queries+AF8-30+AF8-days:2358+AH0-+ACI-
2022+AC0-04+AC0-19,icebase,sportsproducts,sports+AF8-customers+AF8-data+AF8-with+AF8-ts,+ACI-+ACIAIg-yogeshkhangode+ACIAIg-+ACI-,+ACI-+ACIAIg-yogeshkhangode+ACIAIg-+ACI-,+ACI-+AHs-user:+ACIAIg-yogeshkhangode+ACIAIg-,last+AF8-queried+AF8-at:2022+AC0-04+AC0-19 18:45:43.255 UTC,query+AF8-count:2,count+AF8-queries+AF8-7+AF8-days:830,count+AF8-queries+AF8-30+AF8-days:5301+AH0-+ACI-
2022+AC0-04+AC0-15,icebase,sportsproducts,sports+AF8-productcategories+AF8-data+AF8-with+AF8-ts,+ACI-+ACIAIg-yogeshkhangode+ACIAIg-+ACI-,+ACI-+ACIAIg-yogeshkhangode+ACIAIg-+ACI-,+ACI-+AHs-user:+ACIAIg-yogeshkhangode+ACIAIg-,last+AF8-queried+AF8-at:2022+AC0-04+AC0-15 13:06:01.032 UTC,query+AF8-count:2,count+AF8-queries+AF8-7+AF8-days:1376,count+AF8-queries+AF8-30+AF8-days:5300+AH0-+ACI-
